Cultivation,sample_ID,uniprot_id,old_Gene_symbol,Gene_symbol,Comment_fail,ori_Total_purified_Âµg,group.info,SEQUENCE
CU001671,P6975_101,O95467,GNAS,GNAS,Pass,691,,MDRRSRAQQWRRARHNYNDLCPPIGRRAATALLWLSCSIALLRALATSNARAQQRAAAQQRRSFLNAHHRSGAQVFPESPESESDHEHEEADLELSLPECLEYEEEFDYETESETESEIESETDFETEPETAPTTEPETEPEDDRGPVVPKHSTFGQSLTQRLHALKLRSPDASPSRAPPSTQEPQSPREGEELKPEDKDPRDPEESKEPKEEKQRRRCKPKKPTRRDASPESPSKKGPIPIRRH
CU001646,P6975_102,P06734,FCER2,FCER2,Pass,217,,MEEGQYSEIEELPRRRCCRRGTQIVLLGLVTAALWAGLLTLLLLWHWDTTQSLKQLEERAARNVSQVSKNLESHHGDQMAQKSQSTQISQELEELRAEQQRLKSQDLELSWNLNGLQADLSSFKSQELNERNEASDLLERLREEVTKLRMELQVSSGFVCNTCPEKWINFQRKCYYFGKGTKQWVHARYACDDMEGQLVSIHSPEEQDFLTKHASHTGSWIGLRNLDLKGEFIWVDGSHVDYSNWAPGEPTSRSQGEDCVMMRGSGRWNDAFCDRKLGAWVCDRLATCTPPASEGSAESMGPDSRPDPDGRLPTPSAPLHS
CU001627,P6975_103,Q96LB8,PGLYRP4,PGLYRP4,Failed MS,708,,MLPWLLVFSALGIQAWGDSSWNKTQAKQVSEGLQYLFENISQLTEKGLPTDVSTTVSRKAWGAEAVGCSIQLTTPVNVLVIHHVPGLECHDQTVCSQRLRELQAHHVHNNSGCDVAYNFLVGDDGRVYEGVGWNIQGVHTQGYNNISLGFAFFGTKKGHSPSPAALSAMENLITYAVQKGHLSSSYVQPLLGKGENCLAPRQKTSLKKACPGVVPRSVWGARETHCPRMTLPAKYGIIIHTAGRTCNISDECRLLVRDIQSFYIDRLKSCDIGYNFLVGQDGAIYEGVGWNVQGSSTPGYDDIALGITFMGTFTGIPPNAAALEAAQDLIQCAMVKGYLTPNYLLVGHSDVARTLSPGQALYNIISTWPHFKH
CU001558,P6975_104,Q16627,CCL14,CCL14,Pass,206,,MKISVAAIPFFLLITIALGTKTESSSRGPYHPSECCFTYTTYKIPRQRIMDYYETNSQCSKPGIVFITKRGHSVCTNPSDKWVQDYIKDMKEN
CU001623,P6975_105,O95156,NXPH2,NXPH2,Failed MS,503,,MRLRPLPLVVVPGLLQLLFCDSKEVVHATEGLDWEDKDAPGTLVGNVVHSRIISPLRLFVKQSPVPKPGPMAYADSMENFWDWLANITEIQEPLARTKRRPIVKTGKFKKMFGWGDFHSNIKTVKLNLLITGKIVDHGNGTFSVYFRHNSTGLGNVSVSLVPPSKVVEFEVSPQSTLETKESKSFNCRIEYEKTDRAKKTALCNFDPSKICYQEQTQSHVSWLCSKPFKVICIYIAFYSVDYKLVQKVCPDYNYHSETPYLSSG
CU001624,P6975_106,O95157,NXPH3,NXPH3,Failed MS,986,,MQLTRCCFVFLVQGSLYLVICGQDDGPPGSEDPERDDHEGQPRPRVPRKRGHISPKSRPMANSTLLGLLAPPGEAWGILGQPPNRPNHSPPPSAKVKKIFGWGDFYSNIKTVALNLLVTGKIVDHGNGTFSVHFQHNATGQGNISISLVPPSKAVEFHQEQQIFIEAKASKIFNCRMEWEKVERGRRTSLCTHDPAKICSRDHAQSSATWSCSQPFKVVCVYIAFYSTDYRLVQKVCPDYNYHSDTPYYPSG
CU001625,P6975_107,O95158,NXPH4,NXPH4,Failed MS,269,,MRLLPEWFLLLFGPWLLRKAVSAQIPESGRPQYLGLRPAAAGAGAPGQQLPEPRSSDGLGVGRAWSWAWPTNHTGALARAGAAGALPAQRTKRKPSIKAARAKKIFGWGDFYFRVHTLKFSLLVTGKIVDHVNGTFSVYFRHNSSSLGNLSVSIVPPSKRVEFGGVWLPGPVPHPLQSTLALEGVLPGLGPPLGMAAAAAGPGLGGSLGGALAGPLGGALGVPGAKESRAFNCHVEYEKTNRARKHRPCLYDPSQVCFTEHTQSQAAWLCAKPFKVICIFVSFLSFDYKLVQKVCPDYNFQSEHPYFG
CU001554,P6975_109,Q8WWY7,WFDC12,WFDC12,Pass,281,,MGSSSFLVLMVSLVLVTLVAVEGVKEGIEKAGVCPADNVRCFKSDPPQCHTDQDCLGERKCCYLHCGFKCVIPVKELEEGGNKDEDVSRPYPEPGWEAKCPGSSSTRCPQK
CU001643,P6975_110,Q9NNX6,CD209,CD209,Pass,561,,MSDSKEPRLQQLGLLEEEQLRGLGFRQTRGYKSLAGCLGHGPLVLQLLSFTLLAGLLVQVSKVPSSISQEQSRQDAIYQNLTQLKAAVGELSEKSKLQEIYQELTQLKAAVGELPEKSKLQEIYQELTRLKAAVGELPEKSKLQEIYQELTWLKAAVGELPEKSKMQEIYQELTRLKAAVGELPEKSKQQEIYQELTRLKAAVGELPEKSKQQEIYQELTRLKAAVGELPEKSKQQEIYQELTQLKAAVERLCHPCPWEWTFFQGNCYFMSNSQRNWHDSITACKEVGAQLVVIKSAEEQNFLQLQSSRSNRFTWMGLSDLNQEGTWQWVDGSPLLPSFKQYWNRGEPNNVGEEDCAEFSGNGWNDDKCNLAKFWICKKSAASCSRDEEQFLSPAPATPNPPPA
CU001595,P6975_111,Q9UKU9,ANGPTL2,ANGPTL2,Failed MS,219,,MRPLCVTCWWLGLLAAMGAVAGQEDGFEGTEEGSPREFIYLNRYKRAGESQDKCTYTFIVPQQRVTGAICVNSKEPEVLLENRVHKQELELLNNELLKQKRQIETLQQLVEVDGGIVSEVKLLRKESRNMNSRVTQLYMQLLHEIIRKRDNALELSQLENRILNQTADMLQLASKYKDLEHKYQHLATLAHNQSEIIAQLEEHCQRVPSARPVPQPPPAAPPRVYQPPTYNRIINQISTNEIQSDQNLKVLPPPLPTMPTLTSLPSSTDKPSGPWRDCLQALEDGHDTSSIYLVKPENTNRLMQVWCDQRHDPGGWTVIQRRLDGSVNFFRNWETYKQGFGNIDGEYWLGLENIYWLTNQGNYKLLVTMEDWSGRKVFAEYASFRLEPESEYYKLRLGRYHGNAGDSFTWHNGKQFTTLDRDHDVYTGNCAHYQKGGWWYNACAHSNLNGVWYRGGHYRSRYQDGVYWAEFRGGSYSLKKVVMMIRPNPNTFH
CU001670,P6975_112,P19883,FST,FST,Pass,144,,MVRARHQPGGLCLLLLLLCQFMEDRSAQAGNCWLRQAKNGRCQVLYKTELSKEECCSTGRLSTSWTEEDVNDNTLFKWMIFNGGAPNCIPCKETCENVDCGPGKKCRMNKKNKPRCVCAPDCSNITWKGPVCGLDGKTYRNECALLKARCKEQPELEVQYQGRCKKTCRDVFCPGSSTCVVDQTNNAYCVTCNRICPEPASSEQYLCGNDGVTYSSACHLRKATCLLGRSIGLAYEGKCIKAKSCEDIQCTGGKKCLWDFKVGRGRCSLCDELCPDSKSDEPVCASDNATYASECAMKEAACSSGVLLEVKHSGSCNSISEDTEEEEEDEDQDYSFPISSILEW
CU001529,P6975_113,P13591,NCAM1,NCAM1,Pass,1141,,MLQTKDLIWTLFFLGTAVSLQVDIVPSQGEISVGESKFFLCQVAGDAKDKDISWFSPNGEKLTPNQQRISVVWNDDSSSTLTIYNANIDDAGIYKCVVTGEDGSESEATVNVKIFQKLMFKNAPTPQEFREGEDAVIVCDVVSSLPPTIIWKHKGRDVILKKDVRFIVLSNNYLQIRGIKKTDEGTYRCEGRILARGEINFKDIQVIVNVPPTIQARQNIVNATANLGQSVTLVCDAEGFPEPTMSWTKDGEQIEQEEDDEKYIFSDDSSQLTIKKVDKNDEAEYICIAENKAGEQDATIHLKVFAKPKITYVENQTAMELEEQVTLTCEASGDPIPSITWRTSTRNISSEEKASWTRPEKQETLDGHMVVRSHARVSSLTLKSIQYTDAGEYICTASNTIGQDSQSMYLEVQYAPKLQGPVAVYTWEGNQVNITCEVFAYPSATISWFRDGQLLPSSNYSNIKIYNTPSASYLEVTPDSENDFGNYNCTAVNRIGQESLEFILVQADTPSSPSIDQVEPYSSTAQVQFDEPEATGGVPILKYKAEWRAVGEEVWHSKWYDAKEASMEGIVTIVGLKPETTYAVRLAALNGKGLGEISAASEFKTQPVQGEPSAPKLEGQMGEDGNSIKVNLIKQDDGGSPIRHYLVRYRALSSEWKPEIRLPSGSDHVMLKSLDWNAEYEVYVVAENQQGKSKAAHFVFRTSAQPTAIPANGSPTSGLSTGAIVGILIVIFVLLLVVVDITCYFLNKCGLFMCIAVNLCGKAGPGAKGKDMEEGKAAFSKDESKEPIVEVRTEEERTPNHDGGKHTEPNETTPLTEPEKGPVEAKPECQETETKPAPAEVKTVPNDATQTKENESKA
CU001591,P6975_114,P02768,ALB,ALB,Pass,891,,MKWVTFISLLFLFSSAYSRGVFRRDAHKSEVAHRFKDLGEENFKALVLIAFAQYLQQCPFEDHVKLVNEVTEFAKTCVADESAENCDKSLHTLFGDKLCTVATLRETYGEMADCCAKQEPERNECFLQHKDDNPNLPRLVRPEVDVMCTAFHDNEETFLKKYLYEIARRHPYFYAPELLFFAKRYKAAFTECCQAADKAACLLPKLDELRDEGKASSAKQRLKCASLQKFGERAFKAWAVARLSQRFPKAEFAEVSKLVTDLTKVHTECCHGDLLECADDRADLAKYICENQDSISSKLKECCEKPLLEKSHCIAEVENDEMPADLPSLAADFVESKDVCKNYAEAKDVFLGMFLYEYARRHPDYSVVLLLRLAKTYETTLEKCCAAADPHECYAKVFDEFKPLVEEPQNLIKQNCELFEQLGEYKFQNALLVRYTKKVPQVSTPTLVEVSRNLGKVGSKCCKHPEAKRMPCAEDYLSVVLNQLCVLHEKTPVSDRVTKCCTESLVNRRPCFSALEVDETYVPKEFNAETFTFHADICTLSEKERQIKKQTALVELVKHKPKATKEQLKAVMDDFAAFVEKCCKADDKETCFAEEGKKLVAASQAALGL
CU001598,P6975_115,P56851,EDDM3B,EDDM3B,Pass,233,,MASSLKIWGTLLALLCILCTLLVQSKEVSWREFMKQHYLSPSREFREYKCDVLMRENEALKDKSSHMFIYISWYKIEHICTSDNWMDRFRNAYVWVQNPLKVLKCHQENSKNSYTESRSFNYIEFHCSMDGYVDSIEDLKMVEPIGN
CU001637,P6975_116,O95813,CER1,CER1,Pass,513,,MHLLLFQLLVLLPLGKTTRHQDGRQNQSSLSPVLLPRNQRELPTGNHEEAEEKPDLFVAVPHLVATSPAGEGQRQREKMLSRFGRFWKKPEREMHPSRDSDSEPFPPGTQSLIQPIDGMKMEKSPLREEAKKFWHHFMFRKTPASQGVILPIKSHEVHWETCRTVPFSQTITHEGCEKVVVQNNLCFGKCGSVHFPGAAQHSHTSCSHCLPAKFTTMHLPLNCTELSSVIKVVMLVEECQCKVKTEHEDGHILHAGSQDSFIPGVSA
CU001826,P6975_117,P27037,ACVR2A,ACVR2A,Pass,230,,MGAAAKLAFAVFLISCSSGAILGRSETQECLFFNANWEKDRTNQTGVEPCYGDKDKRRHCFATWKNISGSIEIVKQGCWLDDINCYDRTDCVEKKDSPEVYFCCCEGNMCNEKFSYFPEMEVTQPTSNPVTPKPPYYNILLYSLVPLMLIAGIVICAFWVYRHHKMAYPPVLVPTQDPGPPPPSPLLGLKPLQLLEVKARGRFGCVWKAQLLNEYVAVKIFPIQDKQSWQNEYEVYSLPGMKHENILQFIGAEKRGTSVDVDLWLITAFHEKGSLSDFLKANVVSWNELCHIAETMARGLAYLHEDIPGLKDGHKPAISHRDIKSKNVLLKNNLTACIADFGLALKFEAGKSAGDTHGQVGTRRYMAPEVLEGAINFQRDAFLRIDMYAMGLVLWELASRCTAADGPVDEYMLPFEEEIGQHPSLEDMQEVVVHKKKRPVLRDYWQKHAGMAMLCETIEECWDHDAEARLSAGCVGERITQMQRLTNIITTEDIVTVVTMVTNVDFPPKESSL
CU000973,P6975_118,Q8WWZ8,OIT3,OIT3,Pass,141,,MPPFLLLTCLFITGTSVSPVALDPCSAYISLNEPWRNTDHQLDESQGPPLCDNHVNGEWYHFTGMAGDAMPTFCIPENHCGTHAPVWLNGSHPLEGDGIVQRQACASFNGNCCLWNTTVEVKACPGGYYVYRLTKPSVCFHVYCGHFYDICDEDCHGSCSDTSECTCAPGTVLGPDRQTCFDENECEQNNGGCSEICVNLKNSYRCECGVGRVLRSDGKTCEDVEGCHNNNGGCSHSCLGSEKGYQCECPRGLVLSEDNHTCQVPVLCKSNAIEVNIPRELVGGLELFLTNTSCRGVSNGTHVNILFSLKTCGTVVDVVNDKIVASNLVTGLPKQTPGSSGDFIIRTSKLLIPVTCEFPRLYTISEGYVPNLRNSPLEIMSRNHGIFPFTLEIFKDNEFEEPYREALPTLKLRDSLYFGIEPVVHVSGLESLVESCFATPTSKIDEVLKYYLIRDGCVSDDSVKQYTSRDHLAKHFQVPVFKFVGKDHKEVFLHCRVLVCGVLDERSRCAQGCHRRMRRGAGGEDSAGLQGQTLTGGPIRIDWED
CU001550,P6975_119,P78539,SRPX,SRPX,Failed MS,220,,MGSPAHRPALLLLLPPLLLLLLLRVPPSRSFPGSGDSPLEDDEVGYSHPRYKDTPWCSPIKVKYGDVYCRAPQGGYYKTALGTRCDIRCQKGYELHGSSLLICQSNKRWSDKVICKQKRCPTLAMPANGGFKCVDGAYFNSRCEYYCSPGYTLKGERTVTCMDNKAWSGRPASCVDMEPPRIKCPSVKERIAEPNKLTVRVSWETPEGRDTADGILTDVILKGLPPGSNFPEGDHKIQYTVYDRAENKGTCKFRVKVRVKRCGKLNAPENGYMKCSSDGDNYGATCEFSCIGGYELQGSPARVCQSNLAWSGTEPTCAAMNVNVGVRTAAALLDQFYEKRRLLIVSTPTARNLLYRLQLGMLQQAQCGLDLRHITVVELVGVFPTLIGRIGAKIMPPALALQLRLLLRIPLYSFSMVLVDKHGMDKERYVSLVMPVALFNLIDTFPLRKEEMVLQAEMSQTCNT
CU001622,P6975_120,P58417,NXPH1,NXPH1,Failed MS,514,,MQAACWYVLFLLQPTVYLVTCANLTNGGKSELLKSGSSKSTLKHIWTESSKDLSISRLLSQTFRGKENDTDLDLRYDTPEPYSEQDLWDWLRNSTDLQEPRPRAKRRPIVKTGKFKKMFGWGDFHSNIKTVKLNLLITGKIVDHGNGTFSVYFRHNSTGQGNVSVSLVPPTKIVEFDLAQQTVIDAKDSKSFNCRIEYEKVDKATKNTLCNYDPSKTCYQEQTQSHVSWLCSKPFKVICIYISFYSTDYKLVQKVCPDYNYHSDTPYFPSG
CU001657,P6975_121,P35613,BSG,BSG,Pass,669,,MAAALFVLLGFALLGTHGASGAAGFVQAPLSQQRWVGGSVELHCEAVGSPVPEIQWWFEGQGPNDTCSQLWDGARLDRVHIHATYHQHAASTISIDTLVEEDTGTYECRASNDPDRNHLTRAPRVKWVRAQAVVLVLEPGTVFTTVEDLGSKILLTCSLNDSATEVTGHRWLKGGVVLKEDALPGQKTEFKVDSDDQWGEYSCVFLPEPMGTANIQLHGPPRVKAVKSSEHINEGETAMLVCKSESVPPVTDWAWYKITDSEDKALMNGSESRFFVSSSQGRSELHIENLNMEADPGQYRCNGTSSKGSDQAIITLRVRSHLAALWPFLGIVAEVLVLVTIIFIYEKRRKPEDVLDDDDAGSAPLKSSGQHQNDKGKNVRQRNSS
CU001055,P6975_122,Q15848,ADIPOQ,ADIPOQ,Pass,744,,MLLLGAVLLLLALPGHDQETTTQGPGVLLPLPKGACTGWMAGIPGHPGHNGAPGRDGRDGTPGEKGEKGDPGLIGPKGDIGETGVPGAEGPRGFPGIQGRKGEPGEGAYVYRSAFSVGLETYVTIPNMPIRFTKIFYNQQNHYDGSTGKFHCNIPGLYYFAYHITVYMKDVKVSLFKKDKAMLFTYDQYQENNVDQASGSVLLHLEVGDQVWLQVYGEGERNGLYADNDNDSTFTGFLLYHDTN
CU001059,P6975_123,P08123,COL1A2,COL1A2,Failed MS,1001,,MLSFVDTRTLLLLAVTLCLATCQSLQEETVRKGPAGDRGPRGERGPPGPPGRDGEDGPTGPPGPPGPPGPPGLGGNFAAQYDGKGVGLGPGPMGLMGPRGPPGAAGAPGPQGFQGPAGEPGEPGQTGPAGARGPAGPPGKAGEDGHPGKPGRPGERGVVGPQGARGFPGTPGLPGFKGIRGHNGLDGLKGQPGAPGVKGEPGAPGENGTPGQTGARGLPGERGRVGAPGPAGARGSDGSVGPVGPAGPIGSAGPPGFPGAPGPKGEIGAVGNAGPAGPAGPRGEVGLPGLSGPVGPPGNPGANGLTGAKGAAGLPGVAGAPGLPGPRGIPGPVGAAGATGARGLVGEPGPAGSKGESGNKGEPGSAGPQGPPGPSGEEGKRGPNGEAGSAGPPGPPGLRGSPGSRGLPGADGRAGVMGPPGSRGASGPAGVRGPNGDAGRPGEPGLMGPRGLPGSPGNIGPAGKEGPVGLPGIDGRPGPIGPAGARGEPGNIGFPGPKGPTGDPGKNGDKGHAGLAGARGAPGPDGNNGAQGPPGPQGVQGGKGEQGPPGPPGFQGLPGPSGPAGEVGKPGERGLHGEFGLPGPAGPRGERGPPGESGAAGPTGPIGSRGPSGPPGPDGNKGEPGVVGAVGTAGPSGPSGLPGERGAAGIPGGKGEKGEPGLRGEIGNPGRDGARGAPGAVGAPGPAGATGDRGEAGAAGPAGPAGPRGSPGERGEVGPAGPNGFAGPAGAAGQPGAKGERGAKGPKGENGVVGPTGPVGAAGPAGPNGPPGPAGSRGDGGPPGMTGFPGAAGRTGPPGPSGISGPPGPPGPAGKEGLRGPRGDQGPVGRTGEVGAVGPPGFAGEKGPSGEAGTAGPPGTPGPQGLLGAPGILGLPGSRGERGLPGVAGAVGEPGPLGIAGPPGARGPPGAVGSPGVNGAPGEAGRDGNPGNDGPPGRDGQPGHKGERGYPGNIGPVGAAGAPGPHGPVGPAGKHGNRGETGPSGPVGPAGAVGPRGPSGPQGIRGDKGEPGEKGPRGLPGLKGHNGLQGLPGIAGHHGDQGAPGSVGPAGPRGPAGPSGPAGKDGRTGHPGTVGPAGIRGPQGHQGPAGPPGPPGPPGPPGVSGGGYDFGYDGDFYRADQPRSAPSLRPKDYEVDATLKSLNNQIETLLTPEGSRKNPARTCRDLRLSHPEWSSGYYWIDPNQGCTMDAIKVYCDFSTGETCIRAQPENIPAKNWYRSSKDKKHVWLGETINAGSQFEYNVEGVTSKEMATQLAFMRLLANYASQNITYHCKNSIAYMDEETGNLKKAVILQGSNDVELVAEGNSRFTYTVLVDGCSKKTNEWGKTIIEYKTNKPSRLPFLDIAPLDIGGADQEFFVDIGPVCFK
CU001060,P6975_124,Q14624,ITIH4,ITIH4,Pass,340,,MKPPRPVRTCSKVLVLLSLLAIHQTTTAEKNGIDIYSLTVDSRVSSRFAHTVVTSRVVNRANTVQEATFQMELPKKAFITNFSMIIDGMTYPGIIKEKAEAQAQYSAAVAKGKSAGLVKATGRNMEQFQVSVSVAPNAKITFELVYEELLKRRLGVYELLLKVRPQQLVKHLQMDIHIFEPQGISFLETESTFMTNQLVDALTTWQNKTKAHIRFKPTLSQQQKSPEQQETVLDGNLIIRYDVDRAISGGSIQIENGYFVHYFAPEGLTTMPKNVVFVIDKSGSMSGRKIQQTREALIKILDDLSPRDQFNLIVFSTEATQWRPSLVPASAENVNKARSFAAGIQALGGTNINDAMLMAVQLLDSSNQEERLPEGSVSLIILLTDGDPTVGETNPRSIQNNVREAVSGRYSLFCLGFGFDVSYAFLEKLALDNGGLARRIHEDSDSALQLQDFYQEVANPLLTAVTFEYPSNAVEEVTQNNFRLLFKGSEMVVAGKLQDRGPDVLTATVSGKLPTQNITFQTESSVAEQEAEFQSPKYIFHNFMERLWAYLTIQQLLEQTVSASDADQQALRNQALNLSLAYSFVTPLTSMVVTKPDDQEQSQVAEKPMEGESRNRNVHSGSTFFKYYLQGAKIPKPEASFSPRRGWNRQAGAAGSRMNFRPGVLSSRQLGLPGPPDVPDHAAYHPFRRLAILPASAPPATSNPDPAVSRVMNMKIEETTMTTQTPAPIQAPSAILPLPGQSVERLCVDPRHRQGPVNLLSDPEQGVEVTGQYEREKAGFSWIEVTFKNPLVWVHASPEHVVVTRNRRSSAYKWKETLFSVMPGLKMTMDKTGLLLLSDPDKVTIGLLFWDGRGEGLRLLLRDTDRFSSHVGGTLGQFYQEVLWGSPAASDDGRRTLRVQGNDHSATRERRLDYQEGPPGVEISCWSVEL
CU001061,P6975_125,P04070,PROC,PROC,Pass,223,,MWQLTSLLLFVATWGISGTPAPLDSVFSSSERAHQVLRIRKRANSFLEELRHSSLERECIEEICDFEEAKEIFQNVDDTLAFWSKHVDGDQCLVLPLEHPCASLCCGHGTCIDGIGSFSCDCRSGWEGRFCQREVSFLNCSLDNGGCTHYCLEEVGWRRCSCAPGYKLGDDLLQCHPAVKFPCGRPWKRMEKKRSHLKRDTEDQEDQVDPRLIDGKMTRRGDSPWQVVLLDSKKKLACGAVLIHPSWVLTAAHCMDESKKLLVRLGEYDLRRWEKWELDLDIKEVFVHPNYSKSTTDNDIALLHLAQPATLSQTIVPICLPDSGLAERELNQAGQETLVTGWGYHSSREKEAKRNRTFVLNFIKIPVVPHNECSEVMSNMVSENMLCAGILGDRQDACEGDSGGPMVASFHGTWFLVGLVSWGEGCGLLHNYGVYTKVSRYLDWIHGHIRDKEAPQKSWAP
CU001063,P6975_126,P07711,CTSL,CTSL,Pass,640,,MNPTLILAAFCLGIASATLTFDHSLEAQWTKWKAMHNRLYGMNEEGWRRAVWEKNMKMIELHNQEYREGKHSFTMAMNAFGDMTSEEFRQVMNGFQNRKPRKGKVFQEPLFYEAPRSVDWREKGYVTPVKNQGQCGSCWAFSATGALEGQMFRKTGRLISLSEQNLVDCSGPQGNEGCNGGLMDYAFQYVQDNGGLDSEESYPYEATEESCKYNPKYSVANDTGFVDIPKQEKALMKAVATVGPISVAIDAGHESFLFYKEGIYFEPDCSSEDMDHGVLVVGYGFESTESDNNKYWLVKNSWGEEWGMGGYVKMAKDRRNHCGIASAASYPTV
CU001078,P6975_127,P14780,MMP9,MMP9,Pass,279,,MSLWQPLVLVLLVLGCCFAAPRQRQSTLVLFPGDLRTNLTDRQLAEEYLYRYGYTRVAEMRGESKSLGPALLLLQKQLSLPETGELDSATLKAMRTPRCGVPDLGRFQTFEGDLKWHHHNITYWIQNYSEDLPRAVIDDAFARAFALWSAVTPLTFTRVYSRDADIVIQFGVAEHGDGYPFDGKDGLLAHAFPPGPGIQGDAHFDDDELWSLGKGVVVPTRFGNADGAACHFPFIFEGRSYSACTTDGRSDGLPWCSTTANYDTDDRFGFCPSERLYTQDGNADGKPCQFPFIFQGQSYSACTTDGRSDGYRWCATTANYDRDKLFGFCPTRADSTVMGGNSAGELCVFPFTFLGKEYSTCTSEGRGDGRLWCATTSNFDSDKKWGFCPDQGYSLFLVAAHEFGHALGLDHSSVPEALMYPMYRFTEGPPLHKDDVNGIRHLYGPRPEPEPRPPTTTTPQPTAPPTVCPTGPPTVHPSERPTAGPTGPPSAGPTGPPTAGPSTATTVPLSPVDDACNVNIFDAIAEIGNQLYLFKDGKYWRFSEGRGSRPQGPFLIADKWPALPRKLDSVFEERLSKKLFFFSGRQVWVYTGASVLGPRRLDKLGLGADVAQVTGALRSGRGKMLLFSGRRLWRFDVKAQMVDPRSASEVDRMFPGVPLDTHDVFQYREKAYFCQDRFYWRVSSRSELNQVDQVGYVTYDILQCPED
CU001191,P6975_128,A6NE02,BTBD17,BTBD17,Pass,140,,MPRRGYSKPGSWGSFWAMLTLVGLVTHAAQRADVGGEAAGTSINHSQAVLQRLQELLRQGNASDVVLRVQAAGTDEVRVFHAHRLLLGLHSELFLELLSNQSEAVLQEPQDCAAVFDKFIRYLYCGELTVLLTQAIPLHRLATKYGVSSLQRGVADYMRAHLAGGAGPAVGWYHYAVGTGDEALRESCLQFLAWNLSAVAASTEWGAVSPELLWQLLQRSDLVLQDELELFHALEAWLGRARPPPAVAERALRAIRYPMIPPAQLFQLQARSAALARHGPAVADLLLQAYQFHAASPLHYAKFFDVNGSAFLPRNYLAPAWGAPWVINNPARDDRSTSFQTQLGPSGHDAGRRVTWNVLFSPRWLPVSLRPVYADAAGTALPAARPEDGRPRLVVTPASSGGDAAGVSFQKTVLVGARQQGRLLVRHAYSFHQSSEEAGDFLAHADLQRRNSEYLVENALHLHLIVKPVYHTLIRTPK
CU001433,P6975_129,Q9UHF5,IL17B,IL17B,Failed MS,328,,MDWPHNLLFLLTISIFLGLGQPRSPKSKRKGQGRPGPLAPGPHQVPLDLVSRMKPYARMEEYERNIEEMVAQLRNSSELAQRKCEVNLQLWMSNKRSLSPWGYSINHDPSRIPVDLPEARCLCLGCVNPFTMQEDRSMVSVPVFSQVPVRRRLCPPPPRTGPCRQRAVMETIAVGCTCIF
CU001446,P6975_130,P20933,AGA,AGA,Pass,586,,MARKSNLPVLLVPFLLCQALVRCSSPLPLVVNTWPFKNATEAAWRALASGGSALDAVESGCAMCEREQCDGSVGFGGSPDELGETTLDAMIMDGTTMDVGAVGDLRRIKNAIGVARKVLEHTTHTLLVGESATTFAQSMGFINEDLSTTASQALHSDWLARNCQPNYWRNVIPDPSKYCGPYKPPGILKQDIPIHKETEDDRGHDTIGMVVIHKTGHIAAGTSTNGIKFKIHGRVGDSPIPGAGAYADDTAGAAAATGNGDILMRFLPSYQAVEYMRRGEDPTIACQKVISRIQKHFPEFFGAVICANVTGSYGAACNKLSTFTQFSFMVYNSEKNQPTEEKVDCI
CU001449,P6975_131,P07093,SERPINE2,SERPINE2,Pass,406,,MNWHLPLFLLASVTLPSICSHFNPLSLEELGSNTGIQVFNQIVKSRPHDNIVISPHGIASVLGMLQLGADGRTKKQLAMVMRYGVNGVGKILKKINKAIVSKKNKDIVTVANAVFVKNASEIEVPFVTRNKDVFQCEVRNVNFEDPASACDSINAWVKNETRDMIDNLLSPDLIDGVLTRLVLVNAVYFKGLWKSRFQPENTKKRTFVAADGKSYQVPMLAQLSVFRCGSTSAPNDLWYNFIELPYHGESISMLIALPTESSTPLSAIIPHISTKTIDSWMSIMVPKRVQVILPKFTAVAQTDLKEPLKVLGITDMFDSSKANFAKITTGSENLHVSHILQKAKIEVSEDGTKASAATTAILIARSSPPWFIVDRPFLFFIRHNPTGAVLFMGQINKP
CU001452,P6975_132,P08185,SERPINA6,SERPINA6,Pass,571,,MPLLLYTCLLWLPTSGLWTVQAMDPNAAYVNMSNHHRGLASANVDFAFSLYKHLVALSPKKNIFISPVSISMALAMLSLGTCGHTRAQLLQGLGFNLTERSETEIHQGFQHLHQLFAKSDTSLEMTMGNALFLDGSLELLESFSADIKHYYESEVLAMNFQDWATASRQINSYVKNKTQGKIVDLFSGLDSPAILVLVNYIFFKGTWTQPFDLASTREENFYVDETTVVKVPMMLQSSTISYLHDSELPCQLVQMNYVGNGTVFFILPDKGKMNTVIAALSRDTINRWSAGLTSSQVDLYIPKVTISGVYDLGDVLEEMGIADLFTNQANFSRITQDAQLKSSKVVHKAVLQLNEEGVDTAGSTGVTLNLTSKPIILRFNQPFIIMIFDHFTWSSLFLARVMNPV
CU001454,P6975_133,P05154,SERPINA5,SERPINA5,Pass,350,,MQLFLLLCLVLLSPQGASLHRHHPREMKKRVEDLHVGATVAPSSRRDFTFDLYRALASAAPSQSIFFSPVSISMSLAMLSLGAGSSTKMQILEGLGLNLQKSSEKELHRGFQQLLQELNQPRDGFQLSLGNALFTDLVVDLQDTFVSAMKTLYLADTFPTNFRDSAGAMKQINDYVAKQTKGKIVDLLKNLDSNAVVIMVNYIFFKAKWETSFNHKGTQEQDFYVTSETVVRVPMMSREDQYHYLLDRNLSCRVVGVPYQGNATALFILPSEGKMQQVENGLSEKTLRKWLKMFKKRQLELYLPKFSIEGSYQLEKVLPSLGISNVFTSHADLSGISNHSNIQVSEMVHKAVVEVDESGTRAAAATGTIFTFRSARLNSQRLVFNRPFLMFIVDNNILFLGKVNRP
CU001483,P6975_134,Q9HD89,RETN,RETN,Pass,804,,MKALCLLLLPVLGLLVSSKTLCSMEEAINERIQEVAGSLIFRAISSIGLECQSVTSRGDLATCPRGFAVTGCTCGSACGSWDVRAETTCHCQCAGMDWTGARCCRVQP
CU001547,P6975_135,P83111,LACTB,LACTB,Failed MS,194,,MYRLMSAVTARAAAPGGLASSCGRRGVHQRAGLPPLGHGWVGGLGLGLGLALGVKLAGGLRGAAPAQSPAAPDPEASPLAEPPQEQSLAPWSPQTPAPPCSRCFARAIESSRDLLHRIKDEVGAPGIVVGVSVDGKEVWSEGLGYADVENRVPCKPETVMRIASISKSLTMVALAKLWEAGKLDLDIPVQHYVPEFPEKEYEGEKVSVTTRLLISHLSGIRHYEKDIKKVKEEKAYKALKMMKENVAFEQEKEGKSNEKNDFTKFKTEQENEAKCRNSKPGKKKNDFEQGELYLREKFENSIESLRLFKNDPLFFKPGSQFLYSTFGYTLLAAIVERASGCKYLDYMQKIFHDLDMLTTVQEENEPVIYNRARFYVYNKKKRLVNTPYVDNSYKWAGGGFLSTVGDLLKFGNAMLYGYQVGLFKNSNENLLPGYLKPETMVMMWTPVPNTEMSWDKEGKYAMAWGVVERKQTYGSCRKQRHYASHTGGAVGASSVLLVLPEELDTETINNKVPPRGIIVSIICNMQSVGLNSTALKIALEFDKDRSD
CU001653,P6975_136,P43490,NAMPT,NAMPT,Pass,1129,,MNPAAEAEFNILLATDSYKVTHYKQYPPNTSKVYSYFECREKKTENSKLRKVKYEETVFYGLQYILNKYLKGKVVTKEKIQEAKDVYKEHFQDDVFNEKGWNYILEKYDGHLPIEIKAVPEGFVIPRGNVLFTVENTDPECYWLTNWIETILVQSWYPITVATNSREQKKILAKYLLETSGNLDGLEYKLHDFGYRGVSSQETAGIGASAHLVNFKGTDTVAGLALIKKYYGTKDPVPGYSVPAAEHSTITAWGKDHEKDAFEHIVTQFSSVPVSVVSDSYDIYNACEKIWGEDLRHLIVSRSTQAPLIIRPDSGNPLDTVLKVLEILGKKFPVTENSKGYKLLPPYLRVIQGDGVDINTLQEIVEGMKQKMWSIENIAFGSGGGLLQKLTRDLLNCSFKCSYVVTNGLGINVFKDPVADPNKRSKKGRLSLHRTPAGNFVTLEEGKGDLEEYGQDLLHTVFKNGKVTKSYSFDEIRKNAQLNIELEAAHH
CU001660,P6975_137,P30203,CD6,CD6,Pass,524,,MWLFFGITGLLTAALSGHPSPAPPDQLNTSSAESELWEPGERLPVRLTNGSSSCSGTVEVRLEASWEPACGALWDSRAAEAVCRALGCGGAEAASQLAPPTPELPPPPAAGNTSVAANATLAGAPALLCSGAEWRLCEVVEHACRSDGRRARVTCAENRALRLVDGGGACAGRVEMLEHGEWGSVCDDTWDLEDAHVVCRQLGCGWAVQALPGLHFTPGRGPIHRDQVNCSGAEAYLWDCPGLPGQHYCGHKEDAGAVCSEHQSWRLTGGADRCEGQVEVHFRGVWNTVCDSEWYPSEAKVLCQSLGCGTAVERPKGLPHSLSGRMYYSCNGEELTLSNCSWRFNNSNLCSQSLAARVLCSASRSLHNLSTPEVPASVQTVTIESSVTVKIENKESRELMLLIPSIVLGILLLGSLIFIAFILLRIKGKYALPVMVNHQHLPTTIPAGSNSYQPVPITIPKEVFMLPIQVQAPPPEDSDSGSDSDYEHYDFSAQPPVALTTFYNSQRHRVTDEEVQQSRFQMPPLEEGLEELHASHIPTANPGHCITDPPSLGPQYHPRSNSESSTSSGEDYCNSPKSKLPPWNPQVFSSERSSFLEQPPNLELAGTQPAFSAGPPADDSSSTSSGEWYQNFQPPPQPPSEEQFGCPGSPSPQPDSTDNDDYDDISAA
CU001560,P6975_138,O00585,CCL21,CCL21,Pass,1922,top 10%,MAQSLALSLLILVLAFGIPRTQGSDGGAQDCCLKYSQRKIPAKVVRSYRKQEPSLGCSIPAILFLPRKRSQAELCADPKELWVQQLMQHLDKTPSPQKPAQGCRKDRGASKTGKKGKGSKGCKRTERSQTPKGP
CU001233,P6975_139,Q99645,EPYC,EPYC,Pass,2390,top 10%,MKTLAGLVLGLVIFDAAVTAPTLESINYDSETYDATLEDLDNLYNYENIPVDKVEIEIATVMPSGNRELLTPPPQPEKAQEEEEEEESTPRLIDGSSPQEPEFTGVLGPHTNEDFPTCLLCTCISTTVYCDDHELDAIPPLPKNTAYFYSRFNRIKKINKNDFASLSDLKRIDLTSNLISEIDEDAFRKLPQLRELVLRDNKIRQLPELPTTLTFIDISNNRLGRKGIKQEAFKDMYDLHHLYLTDNNLDHIPLPLPENLRALHLQNNNILEMHEDTFCNVKNLTYIRKALEDIRLDGNPINLSKTPQAYMCLPRLPVGSLV
CU001418,P6975_140,P20742,PZP,PZP,Pass,3145,top 10%,MRKDRLLHLCLVLLLILLSASDSNSTEPQYMVLVPSLLHTEAPKKGCVLLSHLNETVTVSASLESGRENRSLFTDLVAEKDLFHCVSFTLPRISASSEVAFLSIQIKGPTQDFRKRNTVLVLNTQSLVFVQTDKPMYKPGQTVRFRVVSVDENFRPRNELIPLIYLENPRRNRIAQWQSLKLEAGINQLSFPLSSEPIQGSYRVVVQTESGGRIQHPFTVEEFVLPKFEVKVQVPKIISIMDEKVNITVCGEYTYGKPVPGLATVSLCRKLSRVLNCDKQEVCEEFSQQLNSNGCITQQVHTKMLQITNTGFEMKLRVEARIREEGTDLEVTANRISEITNIVSKLKFVKVDSHFRQGIPFFAQVLLVDGKGVPIPNKLFFISVNDANYYSNATTNEQGLAQFSINTTSISVNKLFVRVFTVHPNLCFHYSWVAEDHQGAQHTANRVFSLSGSYIHLEPVAGTLPCGHTETITAHYTLNRQAMGELSELSFHYLIMAKGVIVRSGTHTLPVESGDMKGSFALSFPVESDVAPIARMFIFAILPDGEVVGDSEKFEIENCLANKVDLSFSPAQSPPASHAHLQVAAAPQSLCALRAVDQSVLLMKPEAELSVSSVYNLLTVKDLTNFPDNVDQQEEEQGHCPRPFFIHNGAIYVPLSSNEADIYSFLKGMGLKVFTNSKIRKPKSCSVIPSVSAGAVGQGYYGAGLGVVERPYVPQLGTYNVIPLNNEQSSGPVPETVRSYFPETWIWELVAVNSSGVAEVGVTVPDTITEWKAGAFCLSEDAGLGISSTASLRAFQPFFVELTMPYSVIRGEVFTLKATVLNYLPKCIRVSVQLKASPAFLASQNTKGEESYCICGNERQTLSWTVTPKTLGNVNFSVSAEAMQSLELCGNEVVEVPEIKRKDTVIKTLLVEAEGIEQEKTFSSMTCASGANVSEQLSLKLPSNVVKESARASFSVLGDILGSAMQNIQNLLQMPYGCGEQNMVLFAPNIYVLNYLNETQQLTQEIKAKAVGYLITGYQRQLNYKHQDGSYSTFGERYGRNQGNTWLTAFVLKTFAQARSYIFIDEAHITQSLTWLSQMQKDNGCFRSSGSLLNNAIKGGVEDEATLSAYVTIALLEIPLPVTNPIVRNALFCLESAWNVAKEGTHGSHVYTKALLAYAFSLLGKQNQNREILNSLDKEAVKEDNLVHWERPQRPKAPVGHLYQTQAPSAEVEMTSYVLLAYLTAQPAPTSGDLTSATNIVKWIMKQQNAQGGFSSTQDTVVALHALSRYGAATFTRTEKTAQVTVQDSQTFSTNFQVDNNNLLLLQQISLPELPGEYVITVTGERCVYLQTSMKYNILPEKEDSPFALKVQTVPQTCDGHKAHTSFQISLTISYTGNRPASNMVIVDVKMVSGFIPLKPTVKMLERSSSVSRTEVSNNHVLIYVEQVTNQTLSFSFMVLQDIPVGDLKPAIVKVYDYYETDESVVAEYIAPCSTDTEHGNV
CU001477,P6975_141,P02458,COL2A1,COL2A1,Pass,3279,top 10%,MIRLGAPQTLVLLTLLVAAVLRCQGQDVQEAGSCVQDGQRYNDKDVWKPEPCRICVCDTGTVLCDDIICEDVKDCLSPEIPFGECCPICPTDLATASGQPGPKGQKGEPGDIKDIVGPKGPPGPQGPAGEQGPRGDRGDKGEKGAPGPRGRDGEPGTPGNPGPPGPPGPPGPPGLGGNFAAQMAGGFDEKAGGAQLGVMQGPMGPMGPRGPPGPAGAPGPQGFQGNPGEPGEPGVSGPMGPRGPPGPPGKPGDDGEAGKPGKAGERGPPGPQGARGFPGTPGLPGVKGHRGYPGLDGAKGEAGAPGVKGESGSPGENGSPGPMGPRGLPGERGRTGPAGAAGARGNDGQPGPAGPPGPVGPAGGPGFPGAPGAKGEAGPTGARGPEGAQGPRGEPGTPGSPGPAGASGNPGTDGIPGAKGSAGAPGIAGAPGFPGPRGPPGPQGATGPLGPKGQTGEPGIAGFKGEQGPKGEPGPAGPQGAPGPAGEEGKRGARGEPGGVGPIGPPGERGAPGNRGFPGQDGLAGPKGAPGERGPSGLAGPKGANGDPGRPGEPGLPGARGLTGRPGDAGPQGKVGPSGAPGEDGRPGPPGPQGARGQPGVMGFPGPKGANGEPGKAGEKGLPGAPGLRGLPGKDGETGAAGPPGPAGPAGERGEQGAPGPSGFQGLPGPPGPPGEGGKPGDQGVPGEAGAPGLVGPRGERGFPGERGSPGAQGLQGPRGLPGTPGTDGPKGASGPAGPPGAQGPPGLQGMPGERGAAGIAGPKGDRGDVGEKGPEGAPGKDGGRGLTGPIGPPGPAGANGEKGEVGPPGPAGSAGARGAPGERGETGPPGPAGFAGPPGADGQPGAKGEQGEAGQKGDAGAPGPQGPSGAPGPQGPTGVTGPKGARGAQGPPGATGFPGAAGRVGPPGSNGNPGPPGPPGPSGKDGPKGARGDSGPPGRAGEPGLQGPAGPPGEKGEPGDDGPSGAEGPPGPQGLAGQRGIVGLPGQRGERGFPGLPGPSGEPGKQGAPGASGDRGPPGPVGPPGLTGPAGEPGREGSPGADGPPGRDGAAGVKGDRGETGAVGAPGAPGPPGSPGPAGPTGKQGDRGEAGAQGPMGPSGPAGARGIQGPQGPRGDKGEAGEPGERGLKGHRGFTGLQGLPGPPGPSGDQGASGPAGPSGPRGPPGPVGPSGKDGANGIPGPIGPPGPRGRSGETGPAGPPGNPGPPGPPGPPGPGIDMSAFAGLGPREKGPDPLQYMRADQAAGGLRQHDAEVDATLKSLNNQIESIRSPEGSRKNPARTCRDLKLCHPEWKSGDYWIDPNQGCTLDAMKVFCNMETGETCVYPNPANVPKKNWWSSKSKEKKHIWFGETINGGFHFSYGDDNLAPNTANVQMTFLRLLSTEGSQNITYHCKNSIAYLDEAAGNLKKALLIQGSNDVEIRAEGNSRFTYTALKDGCTKHTGKWGKTVIEYRSQKTSRLPIIDIAPMDIGGPEQEFGVDIGPVCFL
CU001568,P6975_142,P42830,CXCL5,CXCL5,Pass,5388,top 10%,MSLLSSRAARVPGPSSSLCALLVLLLLLTQPGPIASAGPAAAVLRELRCVCLQTTQGVHPKMISNLQVFAIGPQCSKVEVVASLKNGKEICLDPEAPFLKKVIQKILDGGNKEN
CU002124,P6975_143,A6NC86,PINLYP,PINLYP,Failed MS,1319,,MRLSRRPETFLLAFVLLCTLLGLGCPLHCEICTAAGSRCHGQMKTCSSDKDTCVLLVGKATSKGKELVHTYKGCIRSQDCYSGVISTTMGPKDHMVTSSFCCQSDGCNSAFLSVPLTNLTENGLMCPACTASFRDKCMGPMTHCTGKENHCVSLSGHVQAGIFKPRFAMRGCATESMCFTKPGAEVPTGTNVLFLHHIECTHSP
CU001814,P6975_144,P17813,ENG,ENG,Pass,1373,,MDRGTLPLAVALLLASCSLSPTSLAETVHCDLQPVGPERGEVTYTTSQVSKGCVAQAPNAILEVHVLFLEFPTGPSQLELTLQASKQNGTWPREVLLVLSVNSSVFLHLQALGIPLHLAYNSSLVTFQEPPGVNTTELPSFPKTQILEWAAERGPITSAAELNDPQSILLRLGQAQGSLSFCMLEASQDMGRTLEWRPRTPALVRGCHLEGVAGHKEAHILRVLPGHSAGPRTVTVKVELSCAPGDLDAVLILQGPPYVSWLIDANHNMQIWTTGEYSFKIFPEKNIRGFKLPDTPQGLLGEARMLNASIVASFVELPLASIVSLHASSCGGRLQTSPAPIQTTPPKDTCSPELLMSLIQTKCADDAMTLVLKKELVAHLKCTITGLTFWDPSCEAEDRGDKFVLRSAYSSCGMQVSASMISNEAVVNILSSSSPQRKKVHCLNMDSLSFQLGLYLSPHFLQASNTIEPGQQSFVQVRVSPSVSEFLLQLDSCHLDLGPEGGTVELIQGRAAKGNCVSLLSPSPEGDPRFSFLLHFYTVPIPKTGTLSCTVALRPKTGSQDQEVHRTVFMRLNIISPDLSGCTSKGLVLPAVLGITFGAFLIGALLTAALWYIYSHTRSPSKREPVVAVAAPASSESSSTNHSIGSTQSTPCSTSSMA
CU001542,P6975_145,P13671,C6,C6,Pass,1392,,MARRSVLYFILLNALINKGQACFCDHYAWTQWTSCSKTCNSGTQSRHRQIVVDKYYQENFCEQICSKQETRECNWQRCPINCLLGDFGPWSDCDPCIEKQSKVRSVLRPSQFGGQPCTAPLVAFQPCIPSKLCKIEEADCKNKFRCDSGRCIARKLECNGENDCGDNSDERDCGRTKAVCTRKYNPIPSVQLMGNGFHFLAGEPRGEVLDNSFTGGICKTVKSSRTSNPYRVPANLENVGFEVQTAEDDLKTDFYKDLTSLGHNENQQGSFSSQGGSSFSVPIFYSSKRSENINHNSAFKQAIQASHKKDSSFIRIHKVMKVLNFTTKAKDLHLSDVFLKALNHLPLEYNSALYSRIFDDFGTHYFTSGSLGGVYDLLYQFSSEELKNSGLTEEEAKHCVRIETKKRVLFAKKTKVEHRCTTNKLSEKHEGSFIQGAEKSISLIRGGRSEYGAALAWEKGSSGLEEKTFSEWLESVKENPAVIDFELAPIVDLVRNIPCAVTKRNNLRKALQEYAAKFDPCQCAPCPNNGRPTLSGTECLCVCQSGTYGENCEKQSPDYKSNAVDGQWGCWSSWSTCDATYKRSRTRECNNPAPQRGGKRCEGEKRQEEDCTFSIMENNGQPCINDDEEMKEVDLPEIEADSGCPQPVPPENGFIRNEKQLYLVGEDVEISCLTGFETVGYQYFRCLPDGTWRQGDVECQRTECIKPVVQEVLTITPFQRLYRIGESIELTCPKGFVVAGPSRYTCQGNSWTPPISNSLTCEKDTLTKLKGHCQLGQKQSGSECICMSPEEDCSHHSEDLCVFDTDSNDYFTSPACKFLAEKCLNNQQLHFLHIGSCQDGRQLEWGLERTRLSSNSTKKESCGYDTCYDWEKCSASTSKCVCLLPPQCFKGGNQLYCVKMGSSTSEKTLNICEVGTIRCANRKMEILHPGKCLA
CU001199,P6975_146,Q15485,FCN2,FCN2,Pass,1445,,MELDRAVGVLGAATLLLSFLGMAWALQAADTCPEVKMVGLEGSDKLTILRGCPGLPGAPGPKGEAGTNGKRGERGPPGPPGKAGPPGPNGAPGEPQPCLTGPRTCKDLLDRGHFLSGWHTIYLPDCRPLTVLCDMDTDGGGWTVFQRRVDGSVDFYRDWATYKQGFGSRLGEFWLGNDNIHALTAQGTSELRVDLVDFEDNYQFAKYRSFKVADEAEKYNLVLGAFVEGSAGDSLTFHNNQSFSTKDQDNDLNTGNCAVMFQGAWWYKNCHVSNLNGRYLRGTHGSFANGINWKSGKGYNYSYKVSEMKVRPA
CU001645,P6975_147,Q16619,CTF1,CTF1,Pass,1673,top 10%,MSRREGSLEDPQTDSSVSLLPHLEAKIRQTHSLAHLLTKYAEQLLQEYVQLQGDPFGLPSFSPPRLPVAGLSAPAPSHAGLPVHERLRLDAAALAALPPLLDAVCRRQAELNPRAPRLLRRLEDAARQARALGAAVEALLAALGAANRGPRAEPPAATASAASATGVFPAKVLGLRVCGLYREWLSRTEGDLGQLLPGGSA
CU001602,P6975_148,P55083,MFAP4,MFAP4,Pass,1715,top 10%,MKALLALPLLLLLSTPPCAPQVSGIRGDALERFCLQQPLDCDDIYAQGYQSDGVYLIYPSGPSVPVPVFCDMTTEGGKWTVFQKRFNGSVSFFRGWNDYKLGFGRADGEYWLGLQNMHLLTLKQKYELRVDLEDFENNTAYAKYADFSISPNAVSAEEDGYTLFVAGFEDGGAGDSLSYHSGQKFSTFDRDQDLFVQNCAALSSGAFWFRSCHFANLNGFYLGGSHLSYANGINWAQWKGFYYSLKRTEMKIRRA
CU001989,P6975_149,O95479,H6PD,H6PD,Pass,1720,top 10%,MWNMLIVAMCLALLGCLQAQELQGHVSIILLGATGDLAKKYLWQGLFQLYLDEAGRGHSFSFHGAALTAPKQGQELMAKALESLSCPKDMAPSHCAEHKDQFLQLSQYRQLKTAEDYQALNKDIEAQLQHAGLREAGRIFYFSVPPFAYEDIARNINSSCRPGPGAWLRVVLEKPFGHDHFSAQQLATELGTFFQEEEMYRVDHYLGKQAVAQILPFRDQNRKALDGLWNRHHVERVEIIMKETVDAEGRTSFYEEYGVIRDVLQNHLTEVLTLVAMELPHNVSSAEAVLRHKLQVFQALRGLQRGSAVVGQYQSYSEQVRRELQKPDSFHSLTPTFAAVLVHIDNLRWEGVPFILMSGKALDERVGYARILFKNQACCVQSEKHWAAAQSQCLPRQLVFHIGHGDLGSPAVLVSRNLFRPSLPSSWKEMEGPPGLRLFGSPLSDYYAYSPVRERDAHSVLLSHIFHGRKNFFITTENLLASWNFWTPLLESLAHKAPRLYPGGAENGRLLDFEFSSGRLFFSQQQPEQLVPGPGPAPMPSDFQVLRAKYRESPLVSAWSEELISKLANDIEATAVRAVRRFGQFHLALSGGSSPVALFQQLATAHYGFPWAHTHLWLVDERCVPLSDPESNFQGLQAHLLQHVRIPYYNIHPMPVHLQQRLCAEEDQGAQIYAREISALVANSSFDLVLLGMGADGHTASLFPQSPTGLDGEQLVVLTTSPSQPHRRMSLSLPLINRAKKVAVLVMGRMKREITTLVSRVGHEPKKWPISGVLPHSGQLVWYMDYDAFLG
CU002015,P6975_150,O00754,MAN2B1,MAN2B1,Pass,1736,top 10%,MGAYARASGVCARGCLDSAGPWTMSRALRPPLPPLCFFLLLLAAAGARAGGYETCPTVQPNMLNVHLLPHTHDDVGWLKTVDQYFYGIKNDIQHAGVQYILDSVISALLADPTRRFIYVEIAFFSRWWHQQTNATQEVVRDLVRQGRLEFANGGWVMNDEAATHYGAIVDQMTLGLRFLEDTFGNDGRPRVAWHIDPFGHSREQASLFAQMGFDGFFFGRLDYQDKWVRMQKLEMEQVWRASTSLKPPTADLFTGVLPNGYNPPRNLCWDVLCVDQPLVEDPRSPEYNAKELVDYFLNVATAQGRYYRTNHTVMTMGSDFQYENANMWFKNLDKLIRLVNAQQAKGSSVHVLYSTPACYLWELNKANLTWSVKHDDFFPYADGPHQFWTGYFSSRPALKRYERLSYNFLQVCNQLEALVGLAANVGPYGSGDSAPLNEAMAVLQHHDAVSGTSRQHVANDYARQLAAGWGPCEVLLSNALARLRGFKDHFTFCQQLNISICPLSQTAARFQVIVYNPLGRKVNWMVRLPVSEGVFVVKDPNGRTVPSDVVIFPSSDSQAHPPELLFSASLPALGFSTYSVAQVPRWKPQARAPQPIPRRSWSPALTIENEHIRATFDPDTGLLMEIMNMNQQLLLPVRQTFFWYNASIGDNESDQASGAYIFRPNQQKPLPVSRWAQIHLVKTPLVQEVHQNFSAWCSQVVRLYPGQRHLELEWSVGPIPVGDTWGKEVISRFDTPLETKGRFYTDSNGREILERRRDYRPTWKLNQTEPVAGNYYPVNTRIYITDGNMQLTVLTDRSQGGSSLRDGSLELMVHRRLLKDDGRGVSEPLMENGSGAWVRGRHLVLLDTAQAAAAGHRLLAEQEVLAPQVVLAPGGGAAYNLGAPPRTQFSGLRRDLPPSVHLLTLASWGPEMVLLRLEHQFAVGEDSGRNLSAPVTLNLRDLFSTFTITRLQETTLVANQLREAASRLKWTTNTGPTPHQTPYQLDPANITLEPMEIRTFLASVQWKEVDG
CU001995,P6975_151,P14625,HSP90B1,HSP90B1,Pass,1294,,MRALWVLGLCCVLLTFGSVRADDEVDVDGTVEEDLGKSREGSRTDDEVVQREEEAIQLDGLNASQIRELREKSEKFAFQAEVNRMMKLIINSLYKNKEIFLRELISNASDALDKIRLISLTDENALSGNEELTVKIKCDKEKNLLHVTDTGVGMTREELVKNLGTIAKSGTSEFLNKMTEAQEDGQSTSELIGQFGVGFYSAFLVADKVIVTSKHNNDTQHIWESDSNEFSVIADPRGNTLGRGTTITLVLKEEASDYLELDTIKNLVKKYSQFINFPIYVWSSKTETVEEPMEEEEAAKEEKEESDDEAAVEEEEEEKKPKTKKVEKTVWDWELMNDIKPIWQRPSKEVEEDEYKAFYKSFSKESDDPMAYIHFTAEGEVTFKSILFVPTSAPRGLFDEYGSKKSDYIKLYVRRVFITDDFHDMMPKYLNFVKGVVDSDDLPLNVSRETLQQHKLLKVIRKKLVRKTLDMIKKIADDKYNDTFWKEFGTNIKLGVIEDHSNRTRLAKLLRFQSSHHPTDITSLDQYVERMKEKQDKIYFMAGSSRKEAESSPFVERLLKKGYEVIYLTEPVDEYCIQALPEFDGKRFQNVAKEGVKFDESEKTKESREAVEKEFEPLLNWMKDKALKDKIEKAVVSQRLTESPCALVASQYGWSGNMERIMKAQAYQTGKDISTNYYASQKKTFEINPRHPLIRDMLRRIKEDEDDKTVLDLAVVLFETATLRSGYLLPDTKAYGDRIERMLRLSLNIDPDAKVEEEPEEEPEETAEDTTEDTEQDEDEEMDVGTDEEEETAKESTAEKDEL
CU001437,P6975_152,Q9GZX6,IL22,IL22,Failed MS,1298,,MAALQKSVSSFLMGTLATSCLLLLALLVQGGAAAPISSHCRLDKSNFQQPYITNRTFMLAKEASLADNNTDVRLIGEKLFHGVSMSERCYLMKQVLNFTLEEVLFPQSDRFQPYMQEVVPFLARLSNRLSTCHIEGDDLHIQRNVQKLKDTVKKLGESGEIKAIGELDLLFMSLRNACI
CU001751,P6975_153,P07306,ASGR1,ASGR1,Failed MS,29,bottom 10%,MTKEYQDLQHLDNEESDHHQLRKGPPPPQPLLQRLCSGPRLLLLSLGLSLLLLVVVCVIGSQNSQLQEELRGLRETFSNFTASTEAQVKGLSTQGGNVGRKMKSLESQLEKQQKDLSEDHSSLLLHVKQFVSDLRSLSCQMAALQGNGSERTCCPVNWVEHERSCYWFSRSGKAWADADNYCRLEDAHLVVVTSWEEQKFVQHHIGPVNTWMGLHDQNGPWKWVDGTDYETGFKNWRPEQPDDWYGHGLGGGEDCAHFTDDGRWNDDVCQRPYRWVCETELDKASQEPPLL
CU001716,P6975_154,Q4LDE5,SVEP1,SVEP1,Failed MS,33,bottom 10%,MWPRLAFCCWGLALVSGWATFQQMSPSRNFSFRLFPETAPGAPGSIPAPPAPGDEAAGSRVERLGQAFRRRVRLLRELSERLELVFLVDDSSSVGEVNFRSELMFVRKLLSDFPVVPTATRVAIVTFSSKNYVVPRVDYISTRRARQHKCALLLQEIPAISYRGGGTYTKGAFQQAAQILLHARENSTKVVFLITDGYSNGGDPRPIAASLRDSGVEIFTFGIWQGNIRELNDMASTPKEEHCYLLHSFEEFEALARRALHEDLPSGSFIQDDMVHCSYLCDEGKDCCDRMGSCKCGTHTGHFECICEKGYYGKGLQYECTACPSGTYKPEGSPGGISSCIPCPDENHTSPPGSTSPEDCVCREGYRASGQTCELVHCPALKPPENGYFIQNTCNNHFNAACGVRCHPGFDLVGSSIILCLPNGLWSGSESYCRVRTCPHLRQPKHGHISCSTREMLYKTTCLVACDEGYRLEGSDKLTCQGNSQWDGPEPRCVERHCSTFQMPKDVIISPHNCGKQPAKFGTICYVSCRQGFILSGVKEMLRCTTSGKWNVGVQAAVCKDVEAPQINCPKDIEAKTLEQQDSANVTWQIPTAKDNSGEKVSVHVHPAFTPPYLFPIGDVAIVYTATDLSGNQASCIFHIKVIDAEPPVIDWCRSPPPVQVSEKVHAASWDEPQFSDNSGAELVITRSHTQGDLFPQGETIVQYTATDPSGNNRTCDIHIVIKGSPCEIPFTPVNGDFICTPDNTGVNCTLTCLEGYDFTEGSTDKYYCAYEDGVWKPTYTTEWPDCAKKRFANHGFKSFEMFYKAARCDDTDLMKKFSEAFETTLGKMVPSFCSDAEDIDCRLEENLTKKYCLEYNYDYENGFAIGPGGWGAANRLDYSYDDFLDTVQETATSIGNAKSSRIKRSAPLSDYKIKLIFNITASVPLPDERNDTLEWENQQRLLQTLETITNKLKRTLNKDPMYSFQLASEILIADSNSLETKKASPFCRPGSVLRGRMCVNCPLGTYYNLEHFTCESCRIGSYQDEEGQLECKLCPSGMYTEYIHSRNISDCKAQCKQGTYSYSGLETCESCPLGTYQPKFGSRSCLSCPENTSTVKRGAVNISACGVPCPEGKFSRSGLMPCHPCPRDYYQPNAGKAFCLACPFYGTTPFAGSRSITECSSFSSTFSAAEESVVPPASLGHIKKRHEISSQVFHECFFNPCHNSGTCQQLGRGYVCLCPLGYTGLKCETDIDECSPLPCLNNGVCKDLVGEFICECPSGYTGQRCEENINECSSSPCLNKGICVDGVAGYRCTCVKGFVGLHCETEVNECQSNPCLNNAVCEDQVGGFLCKCPPGFLGTRCGKNVDECLSQPCKNGATCKDGANSFRCLCAAGFTGSHCELNINECQSNPCRNQATCVDELNSYSCKCQPGFSGKRCETEQSTGFNLDFEVSGIYGYVMLDGMLPSLHALTCTFWMKSSDDMNYGTPISYAVDNGSDNTLLLTDYNGWVLYVNGREKITNCPSVNDGRWHHIAITWTSANGIWKVYIDGKLSDGGAGLSVGLPIPGGGALVLGQEQDKKGEGFSPAESFVGSISQLNLWDYVLSPQQVKSLATSCPEELSKGNVLAWPDFLSGIVGKVKIDSKSIFCSDCPRLGGSVPHLRTASEDLKPGSKVNLFCDPGFQLVGNPVQYCLNQGQWTQPLPHCERISCGVPPPLENGFHSADDFYAGSTVTYQCNNGYYLLGDSRMFCTDNGSWNGVSPSCLDVDECAVGSDCSEHASCLNVDGSYICSCVPPYTGDGKNCAEPIKCKAPGNPENGHSSGEIYTVGAEVTFSCQEGYQLMGVTKITCLESGEWNHLIPYCKAVSCGKPAIPENGCIEELAFTFGSKVTYRCNKGYTLAGDKESSCLANSSWSHSPPVCEPVKCSSPENINNGKYILSGLTYLSTASYSCDTGYSLQGPSIIECTASGIWDRAPPACHLVFCGEPPAIKDAVITGNNFTFRNTVTYTCKEGYTLAGLDTIECLADGKWSRSDQQCLAVSCDEPPIVDHASPETAHRLFGDIAFYYCSDGYSLADNSQLLCNAQGKWVPPEGQDMPRCIAHFCEKPPSVSYSILESVSKAKFAAGSVVSFKCMEGFVLNTSAKIECMRGGQWNPSPMSIQCIPVRCGEPPSIMNGYASGSNYSFGAMVAYSCNKGFYIKGEKKSTCEATGQWSSPIPTCHPVSCGEPPKVENGFLEHTTGRIFESEVRYQCNPGYKSVGSPVFVCQANRHWHSESPLMCVPLDCGKPPPIQNGFMKGENFEVGSKVQFFCNEGYELVGDSSWTCQKSGKWNKKSNPKCMPAKCPEPPLLENQLVLKELTTEVGVVTFSCKEGHVLQGPSVLKCLPSQQWNDSFPVCKIVLCTPPPLISFGVPIPSSALHFGSTVKYSCVGGFFLRGNSTTLCQPDGTWSSPLPECVPVECPQPEEIPNGIIDVQGLAYLSTALYTCKPGFELVGNTTTLCGENGHWLGGKPTCKAIECLKPKEILNGKFSYTDLHYGQTVTYSCNRGFRLEGPSALTCLETGDWDVDAPSCNAIHCDSPQPIENGFVEGADYSYGAIIIYSCFPGFQVAGHAMQTCEESGWSSSIPTCMPIDCGLPPHIDFGDCTKLKDDQGYFEQEDDMMEVPYVTPHPPYHLGAVAKTWENTKESPATHSSNFLYGTMVSYTCNPGYELLGNPVLICQEDGTWNGSAPSCISIECDLPTAPENGFLRFTETSMGSAVQYSCKPGHILAGSDLRLCLENRKWSGASPRCEAISCKKPNPVMNGSIKGSNYTYLSTLYYECDPGYVLNGTERRTCQDDKNWDEDEPICIPVDCSSPPVSANGQVRGDEYTFQKEIEYTCNEGFLLEGARSRVCLANGSWSGATPDCVPVRCATPPQLANGVTEGLDYGFMKEVTFHCHEGYILHGAPKLTCQSDGNWDAEIPLCKPVNCGPPEDLAHGFPNGFSFIHGGHIQYQCFPGYKLHGNSSRRCLSNGSWSGSSPSCLPCRCSTPVIEYGTVNGTDFDCGKAARIQCFKGFKLLGLSEITCEADGQWSSGFPHCEHTSCGSLPMIPNAFISETSSWKENVITYSCRSGYVIQGSSDLICTEKGVWSQPYPVCEPLSCGSPPSVANAVATGEAHTYESEVKLRCLEGYTMDTDTDTFTCQKDGRWFPERISCSPKKCPLPENITHILVHGDDFSVNRQVSVSCAEGYTFEGVNISVCQLDGTWEPPFSDESCSPVSCGKPESPEHGFVVGSKYTFESTIIYQCEPGYELEGNRERVCQENRQWSGGVAICKETRCETPLEFLNGKADIENRTTGPNVVYSCNRGYSLEGPSEAHCTENGTWSHPVPLCKPNPCPVPFVIPENALLSEKEFYVDQNVSIKCREGFLLQGHGIITCNPDETWTQTSAKCEKISCGPPAHVENAIARGVHYQYGDMITYSCYSGYMLEGFLRSVCLENGTWTSPPICRAVCRFPCQNGGICQRPNACSCPEGWMGRLCEEPICILPCLNGGRCVAPYQCDCPPGWTGSRCHTAVCQSPCLNGGKCVRPNRCHCLSSWTGHNCSRKRRTGF
CU001200,P6975_155,Q8TAT2,FGFBP3,FGFBP3,Pass,49,bottom 10%,MTPPKLRASLSPSLLLLLSGCLLAAARREKGAASNVAEPVPGPTGGSSGRFLSPEQHACSWQLLLPAPEAAAGSELALRCQSPDGARHQCAYRGHPERCAAYAARRAHFWKQVLGGLRKKRRPCHDPAPLQARLCAGKKGHGAELRLVPRASPPARPTVAGFAGESKPRARNRGRTRERASGPAAGTPPPQSAPPKENPSERKTNEGKRKAALVPNEERPMGTGPDPDGLDGNAELTETYCAEKWHSLCNFFVNFWNG
CU001738,P6975_156,P14598,NCF1,NCF1,Pass,50,bottom 10%,MGDTFIRHIALLGFEKRFVPSQHYVYMFLVKWQDLSEKVVYRRFTEIYEFHKTLKEMFPIEAGAINPENRIIPHLPAPKWFDGQRAAENRQGTLTEYCSTLMSLPTKISRCPHLLDFFKVRPDDLKLPTDNQTKKPETYLMPKDGKSTATDITGPIILQTYRAIANYEKTSGSEMALSTGDVVEVVEKSESGWWFCQMKAKRGWIPASFLEPLDSPDETEDPEPNYAGEPYVAIKAYTAVEGDEVSLLEGEAVEVIHKLLDGWWVIRKDDVTGYFPSMYLQKSGQDVSQAQRQIKRGAPPRRSSIRNAHSIHQRSRKRLSQDAYRRNSVRFLQQRRRQARPGPQSPGSPLEEERQTQRSKPQPAVPPRPSADLILNRCSESTKRKLASAV
CU001884,P6975_157,O00116,AGPS,AGPS,Pass,65,bottom 10%,MAEAAAAAGGTGLGAGASYGSAADRDRDPDPDRAGRRLRVLSGHLLGRPREALSTNECKARRAASAATAAPTATPAAQESGTIPKKRQEVMKWNGWGYNDSKFIFNKKGQIELTGKRYPLSGMGLPTFKEWIQNTLGVNVEHKTTSKASLNPSDTPPSVVNEDFLHDLKETNISYSQEADDRVFRAHGHCLHEIFLLREGMFERIPDIVLWPTCHDDVVKIVNLACKYNLCIIPIGGGTSVSYGLMCPADETRTIISLDTSQMNRILWVDENNLTAHVEAGITGQELERQLKESGYCTGHEPDSLEFSTVGGWVSTRASGMKKNIYGNIEDLVVHIKMVTPRGIIEKSCQGPRMSTGPDIHHFIMGSEGTLGVITEATIKIRPVPEYQKYGSVAFPNFEQGVACLREIAKQRCAPASIRLMDNKQFQFGHALKPQVSSIFTSFLDGLKKFYITKFKGFDPNQLSVATLLFEGDREKVLQHEKQVYDIAAKFGGLAAGEDNGQRGYLLTYVIAYIRDLALEYYVLGESFETSAPWDRVVDLCRNVKERITRECKEKGVQFAPFSTCRVTQTYDAGACIYFYFAFNYRGISDPLTVFEQTEAAAREEILANGGSLSHHHGVGKLRKQWLKESISDVGFGMLKSVKEYVDPNNIFGNRNLL
CU001708,P6975_158,P15907,ST6GAL1,ST6GAL1,Pass,78,bottom 10%,MIHTNLKKKFSCCVLVFLLFAVICVWKEKKKGSYYDSFKLQTKEFQVLKSLGKLAMGSDSQSVSSSSTQDPHRGRQTLGSLRGLAKAKPEASFQVWNKDSSSKNLIPRLQKIWKNYLSMNKYKVSYKGPGPGIKFSAEALRCHLRDHVNVSMVEVTDFPFNTSEWEGYLPKESIRTKAGPWGRCAVVSSAGSLKSSQLGREIDDHDAVLRFNGAPTANFQQDVGTKTTIRLMNSQLVTTEKRFLKDSLYNEGILIVWDPSVYHSDIPKWYQNPDYNFFNNYKTYRKLHPNQPFYILKPQMPWELWDILQEISPEEIQPNPPSSGMLGIIIMMTLCDQVDIYEFLPSKRKTDVCYYYQKFFDSACTMGAYHPLLYEKNLVKHLNQGTDEDIYLLGKATLPGFRTIHC
CU001506,P6975_159,P09958,FURIN_1,FURIN_1,Pass,79,bottom 10%,MELRPWLLWVVAATGTLVLLAADAQGQKVFTNTWAVRIPGGPAVANSVARKHGFLNLGQIFGDYYHFWHRGVTKRSLSPHRPRHSRLQREPQVQWLEQQVAKRRTKRDVYQEPTDPKFPQQWYLSGVTQRDLNVKAAWAQGYTGHGIVVSILDDGIEKNHPDLAGNYDPGASFDVNDQDPDPQPRYTQMNDNRHGTRCAGEVAAVANNGVCGVGVAYNARIGGVRMLDGEVTDAVEARSLGLNPNHIHIYSASWGPEDDGKTVDGPARLAEEAFFRGVSQGRGGLGSIFVWASGNGGREHDSCNCDGYTNSIYTLSISSATQFGNVPWYSEACSSTLATTYSSGNQNEKQIVTTDLRQKCTESHTGTSASAPLAAGIIALTLEANKNLTWRDMQHLVVQTSKPAHLNANDWATNGVGRKVSHSYGYGLLDAGAMVALAQNWTTVAPQRKCIIDILTEPKDIGKRLEVRKTVTACLGEPNHITRLEHAQARLTLSYNRRGDLAIHLVSPMGTRSTLLAARPHDYSADGFNDWAFMTTHSWDEDPSGEWVLEIENTSEANNYGTLTKFTLVLYGTAPEGLPVPPESSGCKTLTSSQACVVCEEGFSLHQKSCVQHCPPGFAPQVLDTHYSTENDVETIRASVCAPCHASCATCQGPALTDCLSCPSHASLDPVEQTCSRQSQSSRESPPQQQPPRLPPEVEAGQRLRAGLLPSHLPEVVAGLSCAFIVLVFVTVFLVLQLRSGFSFRGVKVYTMDRGLISYKGLPPEAWQEECPSDSEEDEGRGERTAFIKDQSAL
CU001382,P6975_160,P29120,PCSK1,PCSK1,Pass,81,bottom 10%,MERRAWSLQCTAFVLFCAWCALNSAKAKRQFVNEWAAEIPGGPEAASAIAEELGYDLLGQIGSLENHYLFKHKNHPRRSRRSAFHITKRLSDDDRVIWAEQQYEKERSKRSALRDSALNLFNDPMWNQQWYLQDTRMTAALPKLDLHVIPVWQKGITGKGVVITVLDDGLEWNHTDIYANYDPEASYDFNDNDHDPFPRYDPTNENKHGTRCAGEIAMQANNHKCGVGVAYNSKVGGIRMLDGIVTDAIEASSIGFNPGHVDIYSASWGPNDDGKTVEGPGRLAQKAFEYGVKQGRQGKGSIFVWASGNGGRQGDNCDCDGYTDSIYTISISSASQQGLSPWYAEKCSSTLATSYSSGDYTDQRITSADLHNDCTETHTGTSASAPLAAGIFALALEANPNLTWRDMQHLVVWTSEYDPLANNPGWKKNGAGLMVNSRFGFGLLNAKALVDLADPRTWRSVPEKKECVVKDNDFEPRALKANGEVIIEIPTRACEGQENAIKSLEHVQFEATIEYSRRGDLHVTLTSAAGTSTVLLAERERDTSPNGFKNWDFMSVHTWGENPIGTWTLRITDMSGRIQNEGRIVNWKLILHGTSSQPEHMKQPRVYTSYNTVQNDRRGVEKMVDPGEEQPTQENPKENTLVSKSPSSSSVGGRRDELEEGAPSQAMLRLLQSAFSKNSPPKQSPKKSPSAKLNIPYENFYEALEKLNKPSQLKDSEDSLYNDYVDVFYNTKPYKHRDDRLLQALVDILNEEN
CU001425,P6975_161,P02751,FN1,FN1,Pass,83,bottom 10%,MLRGPGPGLLLLAVQCLGTAVPSTGASKSKRQAQQMVQPQSPVAVSQSKPGCYDNGKHYQINQQWERTYLGNALVCTCYGGSRGFNCESKPEAEETCFDKYTGNTYRVGDTYERPKDSMIWDCTCIGAGRGRISCTIANRCHEGGQSYKIGDTWRRPHETGGYMLECVCLGNGKGEWTCKPIAEKCFDHAAGTSYVVGETWEKPYQGWMMVDCTCLGEGSGRITCTSRNRCNDQDTRTSYRIGDTWSKKDNRGNLLQCICTGNGRGEWKCERHTSVQTTSSGSGPFTDVRAAVYQPQPHPQPPPYGHCVTDSGVVYSVGMQWLKTQGNKQMLCTCLGNGVSCQETAVTQTYGGNSNGEPCVLPFTYNGRTFYSCTTEGRQDGHLWCSTTSNYEQDQKYSFCTDHTVLVQTRGGNSNGALCHFPFLYNNHNYTDCTSEGRRDNMKWCGTTQNYDADQKFGFCPMAAHEEICTTNEGVMYRIGDQWDKQHDMGHMMRCTCVGNGRGEWTCIAYSQLRDQCIVDDITYNVNDTFHKRHEEGHMLNCTCFGQGRGRWKCDPVDQCQDSETGTFYQIGDSWEKYVHGVRYQCYCYGRGIGEWHCQPLQTYPSSSGPVEVFITETPSQPNSHPIQWNAPQPSHISKYILRWRPKNSVGRWKEATIPGHLNSYTIKGLKPGVVYEGQLISIQQYGHQEVTRFDFTTTSTSTPVTSNTVTGETTPFSPLVATSESVTEITASSFVVSWVSASDTVSGFRVEYELSEEGDEPQYLDLPSTATSVNIPDLLPGRKYIVNVYQISEDGEQSLILSTSQTTAPDAPPDTTVDQVDDTSIVVRWSRPQAPITGYRIVYSPSVEGSSTELNLPETANSVTLSDLQPGVQYNITIYAVEENQESTPVVIQQETTGTPRSDTVPSPRDLQFVEVTDVKVTIMWTPPESAVTGYRVDVIPVNLPGEHGQRLPISRNTFAEVTGLSPGVTYYFKVFAVSHGRESKPLTAQQTTKLDAPTNLQFVNETDSTVLVRWTPPRAQITGYRLTVGLTRRGQPRQYNVGPSVSKYPLRNLQPASEYTVSLVAIKGNQESPKATGVFTTLQPGSSIPPYNTEVTETTIVITWTPAPRIGFKLGVRPSQGGEAPREVTSDSGSIVVSGLTPGVEYVYTIQVLRDGQERDAPIVNKVVTPLSPPTNLHLEANPDTGVLTVSWERSTTPDITGYRITTTPTNGQQGNSLEEVVHADQSSCTFDNLSPGLEYNVSVYTVKDDKESVPISDTIIPEVPQLTDLSFVDITDSSIGLRWTPLNSSTIIGYRITVVAAGEGIPIFEDFVDSSVGYYTVTGLEPGIDYDISVITLINGGESAPTTLTQQTAVPPPTDLRFTNIGPDTMRVTWAPPPSIDLTNFLVRYSPVKNEEDVAELSISPSDNAVVLTNLLPGTEYVVSVSSVYEQHESTPLRGRQKTGLDSPTGIDFSDITANSFTVHWIAPRATITGYRIRHHPEHFSGRPREDRVPHSRNSITLTNLTPGTEYVVSIVALNGREESPLLIGQQSTVSDVPRDLEVVAATPTSLLISWDAPAVTVRYYRITYGETGGNSPVQEFTVPGSKSTATISGLKPGVDYTITVYAVTGRGDSPASSKPISINYRTEIDKPSQMQVTDVQDNSISVKWLPSSSPVTGYRVTTTPKNGPGPTKTKTAGPDQTEMTIEGLQPTVEYVVSVYAQNPSGESQPLVQTAVTNIDRPKGLAFTDVDVDSIKIAWESPQGQVSRYRVTYSSPEDGIHELFPAPDGEEDTAELQGLRPGSEYTVSVVALHDDMESQPLIGTQSTAIPAPTDLKFTQVTPTSLSAQWTPPNVQLTGYRVRVTPKEKTGPMKEINLAPDSSSVVVSGLMVATKYEVSVYALKDTLTSRPAQGVVTTLENVSPPRRARVTDATETTITISWRTKTETITGFQVDAVPANGQTPIQRTIKPDVRSYTITGLQPGTDYKIYLYTLNDNARSSPVVIDASTAIDAPSNLRFLATTPNSLLVSWQPPRARITGYIIKYEKPGSPPREVVPRPRPGVTEATITGLEPGTEYTIYVIALKNNQKSEPLIGRKKTDELPQLVTLPHPNLHGPEILDVPSTVQKTPFVTHPGYDTGNGIQLPGTSGQQPSVGQQMIFEEHGFRRTTPPTTATPIRHRPRPYPPNVGEEIQIGHIPREDVDYHLYPHGPGLNPNASTGQEALSQTTISWAPFQDTSEYIISCHPVGTDEEPLQFRVPGTSTSATLTGLTRGATYNVIVEALKDQQRHKVREEVVTVGNSVNEGLNQPTDDSCFDPYTVSHYAVGDEWERMSESGFKLLCQCLGFGSGHFRCDSSRWCHDNGVNYKIGEKWDRQGENGQMMSCTCLGNGKGEFKCDPHEATCYDDGKTYHVGEQWQKEYLGAICSCTCFGGQRGWRCDNCRRPGGEPSPEGTTGQSYNQYSQRYHQRTNTNVNCPIECFMPLDVQADREDSRE
CU001380,P6975_162,Q15465,SHH,SHH,Failed MS,84,,MLLLARCLLLVLVSSLLVCSGLACGPGRGFGKRRHPKKLTPLAYKQFIPNVAEKTLGASGRYEGKISRNSERFKELTPNYNPDIIFKDEENTGADRLMTQRCKDKLNALAISVMNQWPGVKLRVTEGWDEDGHHSEESLHYEGRAVDITTSDRDRSKYGMLARLAVEAGFDWVYYESKAHIHCSVKAENSVAAKSGGCFPGSATVHLEQGGTKLVKDLSPGDRVLAADDQGRLLYSDFLTFLDRDDGAKKVFYVIETREPRERLLLTAAHLLFVAPHNDSATGEPEASSGSGPPSGGALGPRALFASRVRPGQRVYVVAERDGDRRLLPAAVHSVTLSEEAAGAYAPLTAQGTILINRVLASCYAVIEEHSWAHRAFAPFRLAHALLAALAPARTDRGGDSGGGDRGGGGGRVALTAPGAADAPGAGATAGIHWYSQLLYQIGTWLLDSEALHPLGMAVKSS
CU001548,P6975_163,Q6UXH9,PAMR1,PAMR1,Failed MS,85,,MELGCWTQLGLTFLQLLLISSLPREYTVINEACPGAEWNIMCRECCEYDQIECVCPGKREVVGYTIPCCRNEENECDSCLIHPGCTIFENCKSCRNGSWGGTLDDFYVKGFYCAECRAGWYGGDCMRCGQVLRAPKGQILLESYPLNAHCEWTIHAKPGFVIQLRFVMLSLEFDYMCQYDYVEVRDGDNRDGQIIKRVCGNERPAPIQSIGSSLHVLFHSDGSKNFDGFHAIYEEITACSSSPCFHDGTCVLDKAGSYKCACLAGYTGQRCENLLEERNCSDPGGPVNGYQKITGGPGLINGRHAKIGTVVSFFCNNSYVLSGNEKRTCQQNGEWSGKQPICIKACREPKISDLVRRRVLPMQVQSRETPLHQLYSAAFSKQKLQSAPTKKPALPFGDLPMGYQHLHTQLQYECISPFYRRLGSSRRTCLRTGKWSGRAPSCIPICGKIENITAPKTQGLRWPWQAAIYRRTSGVHDGSLHKGAWFLVCSGALVNERTVVVAAHCVTDLGKVTMIKTADLKVVLGKFYRDDDRDEKTIQSLQISAIILHPNYDPILLDADIAILKLLDKARISTRVQPICLAASRDLSTSFQESHITVAGWNVLADVRSPGFKNDTLRSGVVSVVDSLLCEEQHEDHGIPVSVTDNMFCASWEPTAPSDICTAETGGIAAVSFPGRASPEPRWHLMGLVSWSYDKTCSHRLSTAFTKVLPFKDWIERNMK
CU000732,P6975_164,P01298,PPY,PPY,Failed MS,88,,MAAARLCLSLLLLSTCVALLLQPLLGAQGAPLEPVYPGDNATPEQMAQYAADLRRYINMLTRPRYGKRHKEDTLAFSEWGSPHAAVPRELSPLDL
CU001443,P6975_165,P01282,VIP,VIP,Pass,89,,MDTRNKAQLLVLLTLLSVLFSQTSAWPLYRAPSALRLGDRIPFEGANEPDQVSLKEDIDMLQNALAENDTPYYDVSRNARHADGVFTSDFSKLLGQLSAKKYLESLMGKRVSSNISEDPVPVKRHSDAVFTDNYTRLRKQMAVKKYLNSILNGKRSSEGESPDFPEELEK
CU001286,P6975_166,Q9UEF7,KL,KL,Pass,93,,MPASAPPRRPRPPPPSLSLLLVLLGLGGRRLRAEPGDGAQTWARFSRPPAPEAAGLFQGTFPDGFLWAVGSAAYQTEGGWQQHGKGASIWDTFTHHPLAPPGDSRNASLPLGAPSPLQPATGDVASDSYNNVFRDTEALRELGVTHYRFSISWARVLPNGSAGVPNREGLRYYRRLLERLRELGVQPVVTLYHWDLPQRLQDAYGGWANRALADHFRDYAELCFRHFGGQVKYWITIDNPYVVAWHGYATGRLAPGIRGSPRLGYLVAHNLLLAHAKVWHLYNTSFRPTQGGQVSIALSSHWINPRRMTDHSIKECQKSLDFVLGWFAKPVFIDGDYPESMKNNLSSILPDFTESEKKFIKGTADFFALCFGPTLSFQLLDPHMKFRQLESPNLRQLLSWIDLEFNHPQIFIVENGWFVSGTTKRDDAKYMYYLKKFIMETLKAIKLDGVDVIGYTAWSLMDGFEWHRGYSIRRGLFYVDFLSQDKMLLPKSSALFYQKLIEKNGFPPLPENQPLEGTFPCDFAWGVVDNYIQVDTTLSQFTDLNVYLWDVHHSKRLIKVDGVVTKKRKSYCVDFAAIQPQIALLQEMHVTHFRFSLDWALILPLGNQSQVNHTILQYYRCMASELVRVNITPVVALWQPMAPNQGLPRLLARQGAWENPYTALAFAEYARLCFQELGHHVKLWITMNEPYTRNMTYSAGHNLLKAHALAWHVYNEKFRHAQNGKISIALQADWIEPACPFSQKDKEVAERVLEFDIGWLAEPIFGSGDYPWVMRDWLNQRNNFLLPYFTEDEKKLIQGTFDFLALSHYTTILVDSEKEDPIKYNDYLEVQEMTDITWLNSPSQVAVVPWGLRKVLNWLKFKYGDLPMYIISNGIDDGLHAEDDQLRVYYMQNYINEALKAHILDGINLCGYFAYSFNDRTAPRFGLYRYAADQFEPKASMKHYRKIIDSNGFPGPETLERFCPEEFTVCTECSFFHTRKSLLAFIAFLFFASIISLSLIFYYSKKGRRSYK
CU001652,P6975_167,P17931,LGALS3,LGALS3,Failed MS,93,,MADNFSLHDALSGSGNPNPQGWPGAWGNQPAGAGGYPGASYPGAYPGQAPPGAYPGQAPPGAYPGAPGAYPGAPAPGVYPGPPSGPGAYPSSGQPSATGAYPATGPYGAPAGPLIVPYNLPLPGGVVPRMLITILGTVKPNANRIALDFQRGNDVAFHFNPRFNENNRRVIVCNTKLDNNWGREERQSVFPFESGKPFKIQVLVEPDHFKVAVNDAHLLQYNHRVKKLNEISKLGISGDIDLTSASYTMI
CU001647,P6975_168,P09429,HMGB1,HMGB1,Pass,102,,MGKGDPKKPRGKMSSYAFFVQTCREEHKKKHPDASVNFSEFSKKCSERWKTMSAKEKGKFEDMAKADKARYEREMKTYIPPKGETKKKFKDPNAPKRPPSAFFLFCSEYRPKIKGEHPGLSIGDVAKKLGEMWNNTAADDKQPYEKKAAKLKEKYEKDIAAYRAKGKPDAAKKGVVKAEKSKKKKEEEEDEEDEEDEEEEEDEEDEDEEEDDDDE
CU001234,P6975_169,P06276,BCHE,BCHE,Pass,105,,MHSKVTIICIRFLFWFLLLCMLIGKSHTEDDIIIATKNGKVRGMNLTVFGGTVTAFLGIPYAQPPLGRLRFKKPQSLTKWSDIWNATKYANSCCQNIDQSFPGFHGSEMWNPNTDLSEDCLYLNVWIPAPKPKNATVLIWIYGGGFQTGTSSLHVYDGKFLARVERVIVVSMNYRVGALGFLALPGNPEAPGNMGLFDQQLALQWVQKNIAAFGGNPKSVTLFGESAGAASVSLHLLSPGSHSLFTRAILQSGSFNAPWAVTSLYEARNRTLNLAKLTGCSRENETEIIKCLRNKDPQEILLNEAFVVPYGTPLSVNFGPTVDGDFLTDMPDILLELGQFKKTQILVGVNKDEGTAFLVYGAPGFSKDNNSIITRKEFQEGLKIFFPGVSEFGKESILFHYTDWVDDQRPENYREALGDVVGDYNFICPALEFTKKFSEWGNNAFFYYFEHRSSKLPWPEWMGVMHGYEIEFVFGLPLERRDNYTKAEEILSRSIVKRWANFAKYGNPNETQNNSTSWPVFKSTEQKYLTLNTESTRIMTKLRAQQCRFWTSFFPKVLEMTGNIDEAEWEWKAGFHRWNNYMMDWKNQFNDYTSKKESCVGL
CU001564,P6975_170,O15335,CHAD,CHAD,Pass,112,,MVRPMLLLSLGLLAGLLPALAACPQNCHCHSDLQHVICDKVGLQKIPKVSEKTKLLNLQRNNFPVLAANSFRAMPNLVSLHLQHCQIREVAAGAFRGLKQLIYLYLSHNDIRVLRAGAFDDLTELTYLYLDHNKVTELPRGLLSPLVNLFILQLNNNKIRELRAGAFQGAKDLRWLYLSENALSSLQPGALDDVENLAKFHVDRNQLSSYPSAALSKLRVVEELKLSHNPLKSIPDNAFQSFGRYLETLWLDNTNLEKFSDGAFLGVTTLKHVHLENNRLNQLPSNFPFDSLETLALTNNPWKCTCQLRGLRRWLEAKASRPDATCASPAKFKGQHIRDTDAFRSCKFPTKRSKKAGRH
CU001067,P6975_171,P14210,HGF,HGF,Failed MS,115,,MWVTKLLPALLLQHVLLHLLLLPIAIPYAEGQRKRRNTIHEFKKSAKTTLIKIDPALKIKTKKVNTADQCANRCTRNKGLPFTCKAFVFDKARKQCLWFPFNSMSSGVKKEFGHEFDLYENKDYIRNCIIGKGRSYKGTVSITKSGIKCQPWSSMIPHEHSFLPSSYRGKDLQENYCRNPRGEEGGPWCFTSNPEVRYEVCDIPQCSEVECMTCNGESYRGLMDHTESGKICQRWDHQTPHRHKFLPERYPDKGFDDNYCRNPDGQPRPWCYTLDPHTRWEYCAIKTCADNTMNDTDVPLETTECIQGQGEGYRGTVNTIWNGIPCQRWDSQYPHEHDMTPENFKCKDLRENYCRNPDGSESPWCFTTDPNIRVGYCSQIPNCDMSHGQDCYRGNGKNYMGNLSQTRSGLTCSMWDKNMEDLHRHIFWEPDASKLNENYCRNPDDDAHGPWCYTGNPLIPWDYCPISRCEGDTTPTIVNLDHPVISCAKTKQLRVVNGIPTRTNIGWMVSLRYRNKHICGGSLIKESWVLTARQCFPSRDLKDYEAWLGIHDVHGRGDEKCKQVLNVSQLVYGPEGSDLVLMKLARPAVLDDFVSTIDLPNYGCTIPEKTSCSVYGWGYTGLINYDGLLRVAHLYIMGNEKCSQHHRGKVTLNESEICAGAEKIGSGPCEGDYGGPLVCEQHKMRMVLGVIVPGRGCAIPNRPGIFVRVAYYAKWIHKIILTYKVPQS
CU000971,P6975_172,P05976,MYL1,MYL1,Pass,361,,MAPKKDVKKPVAAAAAAPAPAPAPAPAPAPAKPKEEKIDLSAIKIEFSKEQQDEFKEAFLLFDRTGDSKITLSQVGDVLRALGTNPTNAEVRKVLGNPSNEELNAKKIEFEQFLPMMQAISNNKDQATYEDFVEGLRVFDKEGNGTVMGAELRHVLATLGEKMKEEEVEALMAGQEDSNGCINYEAFVKHIMSI
CU001448,P6975_173,Q86WD7,SERPINA9,SERPINA9,Pass,818,,MASYLYGVLFAVGLCAPIYCVSPANAPSAYPRPSSTKSTPASQVYSLNTDFAFRLYRRLVLETPSQNIFFSPVSVSTSLAMLSLGAHSVTKTQILQGLGFNLTHTPESAIHQGFQHLVHSLTVPSKDLTLKMGSALFVKKELQLQANFLGNVKRLYEAEVFSTDFSNPSIAQARINSHVKKKTQGKVVDIIQGLDLLTAMVLVNHIFFKAKWEKPFHPEYTRKNFPFLVGEQVTVHVPMMHQKEQFAFGVDTELNCFVLQMDYKGDAVAFFVLPSKGKMRQLEQALSARTLRKWSHSLQKRWIEVFIPRFSISASYNLETILPKMGIQNVFDKNADFSGIAKRDSLQVSKATHKAVLDVSEEGTEATAATTTKFIVRSKDGPSYFTVSFNRTFLMMITNKATDGILFLGKVENPTKS
CU002041,P6975_174,Q5JS37,NHLRC3,NHLRC3,Pass,237,,MARFWVCVAGAGFFLAFLVLHSRFCGSPVLRNFTFAVSWRTEKILYRLDVGWPKHPEYFTGTTFCVAVDSLNGLVYIGQRGDNIPKILVFTEDGYFLRAWNYTVDTPHGIFAASTLYEQSVWITDVGSGFFGHTVKKYSSFGDLVQVLGTPGKKGTSLNPLQFDNPAELYVEDTGDIYIVDGDGGLNNRLIKLSQDFMILWLHGENGTGPAKFNIPHSVTLDSAGRVWVADRGNKRIQVFDKDTGEWLGAWNNCFTEEGPSSVRFTPDGKYLIVAQLNLSRLSVVAAPPVGSIGECSVISTIQLADQVLPHLLEVDRKTGAVYVAEIGAKQVQKYVPLNSYVPSFGS
CU001688,P6975_175,P47972,NPTX2,NPTX2,Pass,1900,top 10%,MLALLAASVALAVAAGAQDSPAPGSRFVCTALPPEAVHAGCPLPAMPMQGGAQSPEEELRAAVLQLRETVVQQKETLGAQREAIRELTGKLARCEGLAGGKARGAGATGKDTMGDLPRDPGHVVEQLSRSLQTLKDRLESLEHQLRANVSNAGLPGDFREVLQQRLGELERQLLRKVAELEDEKSLLHNETSAHRQKTESTLNALLQRVTELERGNSAFKSPDAFKVSLPLRTNYLYGKIKKTLPELYAFTICLWLRSSASPGIGTPFSYAVPGQANEIVLIEWGNNPIELLINDKVAQLPLFVSDGKWHHICVTWTTRDGMWEAFQDGEKLGTGENLAPWHPIKPGGVLILGQEQDTVGGRFDATQAFVGELSQFNIWDRVLRAQEIVNIANCSTNMPGNIIPWVDNNVDVFGGASKWPVETCEERLLDL
CU001704,P6975_176,P55773,CCL23,CCL23,Pass,125,,MKVSVAALSCLMLVTALGSQARVTKDAETEFMMSKLPLENPVLLDRFHATSADCCISYTPRSIPCSLLESYFETNSECSKPGVIFLTKKGRRFCANPSDKQVQVCVRMLKLDTRIKTRKN
CU001599,P6975_177,O75636,FCN3,FCN3,Pass,282,,MDLLWILPSLWLLLLGGPACLKTQEHPSCPGPRELEASKVVLLPSCPGAPGSPGEKGAPGPQGPPGPPGKMGPKGEPGDPVNLLRCQEGPRNCRELLSQGATLSGWYHLCLPEGRALPVFCDMDTEGGGWLVFQRRQDGSVDFFRSWSSYRAGFGNQESEFWLGNENLHQLTLQGNWELRVELEDFNGNRTFAHYATFRLLGEVDHYQLALGKFSEGTAGDSLSLHSGRPFTTYDADHDSSNSNCAVIVHGAWWYASCYRSNLNGRYAVSEAAAHKYGIDWASGRGVGHPYRRVRMMLR
CU001626,P6975_178,Q96LB9,PGLYRP3,PGLYRP3,Failed MS,528,,MGTLPWLLAFFILGLQAWDTPTIVSRKEWGARPLACRALLTLPVAYIITDQLPGMQCQQQSVCSQMLRGLQSHSVYTIGWCDVAYNFLVGDDGRVYEGVGWNIQGLHTQGYNNISLGIAFFGNKIGSSPSPAALSAAEGLISYAIQKGHLSPRYIQPLLLKEETCLDPQHPVMPRKVCPNIIKRSAWEARETHCPKMNLPAKYVIIIHTAGTSCTVSTDCQTVVRNIQSFHMDTRNFCDIGYHFLVGQDGGVYEGVGWHIQGSHTYGFNDIALGIAFIGYFVEKPPNAAALEAAQDLIQCAVVEGYLTPNYLLMGHSDVVNILSPGQALYNIISTWPHFKH
CU001596,P6975_179,Q9BY76,ANGPTL4,ANGPTL4,Pass,311,,MSGAPTAGAALMLCAATAVLLSAQGGPVQSKSPRFASWDEMNVLAHGLLQLGQGLREHAERTRSQLSALERRLSACGSACQGTEGSTDLPLAPESRVDPEVLHSLQTQLKAQNSRIQQLFHKVAQQQRHLEKQHLRIQHLQSQFGLLDHKHLDHEVAKPARRKRLPEMAQPVDPAHNVSRLHRLPRDCQELFQVGERQSGLFEIQPQGSPPFLVNCKMTSDGGWTVIQRRHDGSVDFNRPWEAYKAGFGDPHGEFWLGLEKVHSITGDRNSRLAVQLRDWDGNAELLQFSVHLGGEDTAYSLQLTAPVAGQLGATTVPPSGLSVPFSTWDQDHDLRRDKNCAKSLSGGWWFGTCSHSNLNGQYFRSIPQQRQKLKKGIFWKTWRGRYYPLQATTMLIQPMAAEAAS
CU001793,P6975_180,Q9UNN8,PROCR,PROCR,Pass,343,,MLTTLLPILLLSGWAFCSQDASDGLQRLHMLQISYFRDPYHVWYQGNASLGGHLTHVLEGPDTNTTIIQLQPLQEPESWARTQSGLQSYLLQFHGLVRLVHQERTLAFPLTIRCFLGCELPPEGSRAHVFFEVAVNGSSFVSFRPERALWQADTQVTSGVVTFTLQQLNAYNRTRYELREFLEDTCVQYVQKHISAENTKGSQTSRSYTSLVLGVLVGSFIIAGVAVGIFLCTGGRRC
CU001968,P6975_181,O94923,GLCE,GLCE,Failed MS,859,,MRCLAARVNYKTLIIICALFTLVTVLLWNKCSSDKAIQFPRRSSSGFRVDGFEKRAAASESNNYMNHVAKQQSEEAFPQEQQKAPPVVGGFNSNVGSKVLGLKYEEIDCLINDEHTIKGRREGNEVFLPFTWVEKYFDVYGKVVQYDGYDRFEFSHSYSKVYAQRAPYHPDGVFMSFEGYNVEVRDRVKCISGVEGVPLSTQWGPQGYFYPIQIAQYGLSHYSKNLTEKPPHIEVYETAEDRDKNKPNDWTVPKGCFMANVADKSRFTNVKQFIAPETSEGVSLQLGNTKDFIISFDLKFLTNGSVSVVLETTEKNQLFTIHYVSNAQLIAFKERDIYYGIGPRTSWSTVTRDLVTDLRKGVGLSNTKAVKPTKIMPKKVVRLIAKGKGFLDNITISTTAHMAAFFAASDWLVRNQDEKGGWPIMVTRKLGEGFKSLEPGWYSAMAQGQAISTLVRAYLLTKDHIFLNSALRATAPYKFLSEQHGVKAVFMNKHDWYEEYPTTPSSFVLNGFMYSLIGLYDLKETAGEKLGKEARSLYERGMESLKAMLPLYDTGSGTIYDLRHFMLGIAPNLARWDYHTTHINQLQLLSTIDESPVFKEFVKRWKSYLKGSRAKHN
CU000968,P6975_182,P11226,MBL2,MBL2,Pass,123,,MSLFPSLPLLLLSMVAASYSETVTCEDAQKTCPAVIACSSPGINGFPGKDGRDGTKGEKGEPGQGLRGLQGPPGKLGPPGNPGPSGSPGPKGQKGDPGKSPDGDSSLAASERKALQTEMARIKKWLTFSLGKQVGNKFFLTNGEIMTFEKVKALCVKFQASVATPRNAAENGAIQNLIKEEAFLGITDEKTEGQFVDLTGNRLTYTNWNEGEPNNAGSDEDCVLLLKNGQWNDVPCSTSHLAVCEFPI
CU000955,P6975_183,P35247,SFTPD,SFTPD,Pass,351,,MLLFLLSALVLLTQPLGYLEAEMKTYSHRTMPSACTLVMCSSVESGLPGRDGRDGREGPRGEKGDPGLPGAAGQAGMPGQAGPVGPKGDNGSVGEPGPKGDTGPSGPPGPPGVPGPAGREGPLGKQGNIGPQGKPGPKGEAGPKGEVGAPGMQGSAGARGLAGPKGERGVPGERGVPGNTGAAGSAGAMGPQGSPGARGPPGLKGDKGIPGDKGAKGESGLPDVASLRQQVEALQGQVQHLQAAFSQYKKVELFPNGQSVGEKIFKTAGFVKPFTEAQLLCTQAGGQLASPRSAAENAALQQLVVAKNEAAFLSMTDSKTEGKFTYPTGESLVYSNWAPGEPNDDGGSEDCVEIFTNGKWNDRACGEKRLVVCEF
CU001871,P6975_184,O14793,MSTN,MSTN,Pass,440,,MQKLQLCVYIYLFMLIVAGPVDLNENSEQKENVEKEGLCNACTWRQNTKSSRIEAIKIQILSKLRLETAPNISKDVIRQLLPKAPPLRELIDQYDVQRDDSSDGSLEDDDYHATTETIITMPTESDFLMQVDGKPKCCFFKFSSKIQYNKVVKAQLWIYLRPVETPTTVFVQILRLIKPMKDGTRYTGIRSLKLDMNPGTGIWQSIDVKTVLQNWLKQPESNLGIEIKALDENGHDLAVTFPGPGEDGLNPFLEVKVTDTPKRSRRDFGLDCDEHSTESRCCRYPLTVDFEAFGWDWIIAPKRYKANYCSGECEFVFLQKYPHTHLVHQANPRGSAGPCCTPTKMSPINMLYFNGKEQIIYGKIPAMVVDRCGCS
CU002002,P6975_185,O95965,ITGBL1,ITGBL1,Pass,214,,MRPPGFRNFLLLASSLLFAGLSAVPQSFSPSLRSWPGAACRLSRAESERRCRAPGQPPGAALCHGRGRCDCGVCICHVTEPGMFFGPLCECHEWVCETYDGSTCAGHGKCDCGKCKCDQGWYGDACQYPTNCDLTKKKSNQMCKNSQDIICSNAGTCHCGRCKCDNSDGSGLVYGKFCECDDRECIDDETEEICGGHGKCYCGNCYCKAGWHGDKCEFQCDITPWESKRRCTSPDGKICSNRGTCVCGECTCHDVDPTGDWGDIHGDTCECDERDCRAVYDRYSDDFCSGHGQCNCGRCDCKAGWYGKKCEHPQSCTLSAEESIRKCQGSSDLPCSGRGKCECGKCTCYPPGDRRVYGKTCECDDRRCEDLDGVVCGGHGTCSCGRCVCERGWFGKLCQHPRKCNMTEEQSKNLCESADGILCSGKGSCHCGKCICSAEEWYISGEFCDCDDRDCDKHDGLICTGNGICSCGNCECWDGWNGNACEIWLGSEYP
CU001870,P6975_186,Q9NYY1,IL20,IL20,Pass,441,,MKASSLAFSLLSAAFYLLWTPSTGLKTLNLGSCVIATNLQEIRNGFSEIRGSVQAKDGNIDIRILRRTESLQDTKPANRCCLLRHLLRLYLDRVFKNYQTPDHYTLRKISSLANSFLTIKKDLRLCHAHMTCHCGEEAMKKYSQILSHFEKLEPQAAVVKALGELDILLQWMEETE
CU000966,P6975_187,P02750,LRG1,LRG1,Pass,470,,MSSWSRQRPKSPGGIQPHVSRTLFLLLLLAASAWGVTLSPKDCQVFRSDHGSSISCQPPAEIPGYLPADTVHLAVEFFNLTHLPANLLQGASKLQELHLSSNGLESLSPEFLRPVPQLRVLDLTRNALTGLPPGLFQASATLDTLVLKENQLEVLEVSWLHGLKALGHLDLSGNRLRKLPPGLLANFTLLRTLDLGENQLETLPPDLLRGPLQLERLHLEGNKLQVLGKDLLLPQPDLRYLFLNGNKLARVAAGAFQGLRQLDMLDLSNNSLASVPEGLWASLGQPNWDMRDGFDISGNPWICDQNLSDLYRWLQAQKDKMFSQNDTRCAGPEAVKGQTLLAVAKSQ
CU001987,P6975_188,Q4G148,GXYLT1,GXYLT1,Failed MS,277,,MRRYLRVVVLCVACGFCSLLYAFSQLAVSLEEGTGGGGGKPQAAVASWLAGGGRGAVRGAGVAGPAAHPGVSDRCKDFSLCYWNPYWMLPSDVCGMNCFWEAAFRYSLKIQPVEKMHLAVVACGERLEETMTMLKSAIIFSIKPLQFHIFAEDQLHHSFKGRLDNWSFLQTFNYTLYPITFPSENAAEWKKLFKPCASQRLFLPLILKEVDSLLYVDTDILFLRPVDDIWSLLKKFNSTQIAAMAPEHEEPRIGWYNRFARHPYYGKTGVNSGVMLMNMTRMRRKYFKNDMTTVRLQWGDILMPLLKKYKLNITWGDQDLLNIVFFHNPESLFVFPCQWNYRPDHCIYGSNCQEAEEGGIFILHGNRGVYHDDKQPAFRAVYEALRNCSFEDDNIRSLLKPLELELQKTVHTYCGKIYKIFIKQLAKSVRDRYARSPKEK
CU001337,P6975_189,P09958,FURIN_2,FURIN_2,Pass,455,,MELRPWLLWVVAATGTLVLLAADAQGQKVFTNTWAVRIPGGPAVANSVARKHGFLNLGQIFGDYYHFWHRGVTKRSLSPHRPRHSRLQREPQVQWLEQQVAKRRTKRDVYQEPTDPKFPQQWYLSGVTQRDLNVKAAWAQGYTGHGIVVSILDDGIEKNHPDLAGNYDPGASFDVNDQDPDPQPRYTQMNDNRHGTRCAGEVAAVANNGVCGVGVAYNARIGGVRMLDGEVTDAVEARSLGLNPNHIHIYSASWGPEDDGKTVDGPARLAEEAFFRGVSQGRGGLGSIFVWASGNGGREHDSCNCDGYTNSIYTLSISSATQFGNVPWYSEACSSTLATTYSSGNQNEKQIVTTDLRQKCTESHTGTSASAPLAAGIIALTLEANKNLTWRDMQHLVVQTSKPAHLNANDWATNGVGRKVSHSYGYGLLDAGAMVALAQNWTTVAPQRKCIIDILTEPKDIGKRLEVRKTVTACLGEPNHITRLEHAQARLTLSYNRRGDLAIHLVSPMGTRSTLLAARPHDYSADGFNDWAFMTTHSWDEDPSGEWVLEIENTSEANNYGTLTKFTLVLYGTAPEGLPVPPESSGCKTLTSSQACVVCEEGFSLHQKSCVQHCPPGFAPQVLDTHYSTENDVETIRASVCAPCHASCATCQGPALTDCLSCPSHASLDPVEQTCSRQSQSSRESPPQQQPPRLPPEVEAGQRLRAGLLPSHLPEVVAGLSCAFIVLVFVTVFLVLQLRSGFSFRGVKVYTMDRGLISYKGLPPEAWQEECPSDSEEDEGRGERTAFIKDQSAL
CU001369,P6975_190,P50281,MMP14,MMP14,Pass,94,,MSPAPRPPRCLLLPLLTLGTALASLGSAQSSSFSPEAWLQQYGYLPPGDLRTHTQRSPQSLSAAIAAMQKFYGLQVTGKADADTMKAMRRPRCGVPDKFGAEIKANVRRKRYAIQGLKWQHNEITFCIQNYTPKVGEYATYEAIRKAFRVWESATPLRFREVPYAYIREGHEKQADIMIFFAEGFHGDSTPFDGEGGFLAHAYFPGPNIGGDTHFDSAEPWTVRNEDLNGNDIFLVAVHELGHALGLEHSSDPSAIMAPFYQWMDTENFVLPDDDRRGIQQLYGGESGFPTKMPPQPRTTSRPSVPDKPKNPTYGPNICDGNFDTVAMLRGEMFVFKERWFWRVRNNQVMDGYPMPIGQFWRGLPASINTAYERKDGKFVFFKGDKHWVFDEASLEPGYPKHIKELGRGLPTDKIDAALFWMPNGKTYFFRGNKYYRFNEELRAVDSEYPKNIKVWEGIPESPRGSFMGSDEVFTYFYKGNKYWKFNNQKLKVEPGYPKSALRDWMGCPSGGRPDEGTEEETEVIIIEVDEEGGGAVSAAAVVLPVLLLLLVLAVGLAVFFFRRHGTPRRLLYCQRSLLDKV
CU001389,P6975_191,Q99972,MYOC,MYOC,Pass,933,,MRFFCARCCSFGPEMPAVQLLLLACLVWDVGARTAQLRKANDQSGRCQYTFSVASPNESSCPEQSQAMSVIHNLQRDSSTQRLDLEATKARLSSLESLLHQLTLDQAARPQETQEGLQRELGTLRRERDQLETQTRELETAYSNLLRDKSVLEEEKKRLRQENENLARRLESSSQEVARLRRGQCPQTRDTARAVPPGSREVSTWNLDTLAFQELKSELTEVPASRILKESPSGYLRSGEGDTGCGELVWVGEPLTLRTAETITGKYGVWMRDPKPTYPYTQETTWRIDTVGTDVRQVFEYDLISQFMQGYPSKVHILPRPLESTGAVVYSGSLYFQGAESRTVIRYELNTETVKAEKEIPGAGYHGQFPYSWGGYTDIDLAVDEAGLWVIYSTDEAKGAIVLSKLNPENLELEQTWETNIRKQSVANAFIICGTLYTVSSYTSADATVNFAYDTGTGISKTLTIPFKNRYKYSSMIDYNPLEKKLFAWDNLNMVTYDIKLSKM
CU001413,P6975_192,P49771,FLT3LG,FLT3LG,Failed harvest analysis,0,no protein,MTVLAPAWSPTTYLLLLLLLSSGLSGTQDCSFQHSPISSDFAVKIRELSDYLLQDYPVTVASNLQDEELCGGLWRLVLAQRWMERLKTVAGSKMQGLLERVNTEIHFVTKCAFQPPPSCLRFVQTNISRLLQETSEQLVALKPWITRQNFSRCLELQCQPDSSTLPPPWSPRPLEATAPTAPQPPLLLLLLLPVGLLLLAAAWCLHWQRTRRRTPRPGEQVPPVPSPQDLLLVEH
CU001567,P6975_193,O43927,CXCL13,CXCL13,Failed harvest analysis,0,no protein,MKFISTSLLLMLLVSSLSPVQGVLEVYYTSLRCRCVQESSVFIPRRFIDRIQILPRGNGCPRKEIIVWKKNKSIVCVDPQAEWIQRMMEVLRKRSSSTLPVPVFKRKIP
CU001658,P6975_195,P78556,CCL20,CCL20,Failed harvest analysis,0,no protein,MCCTKSLLLAALMSVLLLHLCGESEAASNFDCCLGYTDRILHPKFIVGFTRQLANEGCDINAIIFHTKKKLSVCANPKQTWVKYIVRLLSKKVKNM
"",P6975_196,"",WT,WT,WT,0,WT,
